Nom,Description Marketing,Image,Fournisseur,Product ID,SKU ID,Plan ID,GUID,Facturation,Engagement,Apps incluses,Apps type,Prix
Google Workspace Voice Starter,,https://manystacks.s3.eu-west-3.amazonaws.com/Produits/Images/gws-logo.png,google,GoogleWksVoice-fr,Google-Voice-Starter-Monthly,Flexible-Plan,1010330003,Mensuel,Mensuel,,,
Google Workspace Voice Standard,,https://manystacks.s3.eu-west-3.amazonaws.com/Produits/Images/gws-logo.png,google,GoogleWksVoice-fr,Google-Voice-Standard,Google-Voice-Standard-n0,1010330004,Mensuel,Mensuel,,,
Google Workspace Voice Standard,,https://manystacks.s3.eu-west-3.amazonaws.com/Produits/Images/gws-logo.png,google,GoogleWksVoice-fr,Google-Voice-Standard,Google-Voice-Standard-n1,1010330004,Mensuel,Mensuel,,,
Google Workspace Voice Standard,,https://manystacks.s3.eu-west-3.amazonaws.com/Produits/Images/gws-logo.png,google,GoogleWksVoice-fr,Google-Voice-Standard,Google-Voice-Standard-n2,1010330004,Mensuel,Mensuel,,,
Google Workspace Voice Standard,,https://manystacks.s3.eu-west-3.amazonaws.com/Produits/Images/gws-logo.png,google,GoogleWksVoice-fr,Google-Voice-Standard,Google-Voice-Standard-n3,1010330004,Mensuel,Mensuel,,,
Google Workspace Frontline Starter,,https://manystacks.s3.eu-west-3.amazonaws.com/Produits/Images/gws-logo.png,google,GoogleWorkspaceFroline-isvfr,GWS-Frontline-Starter-Monthly,GWS-Frontline-Starter-Flex,1010020030,Mensuel,Mensuel,"Gmail, Gemini, Meet, Drive, Chat, Agenda, Docs, Sheets, Slides, NotebookLM, AppSheet ",complete,
Google Workspace Frontline Starter,,https://manystacks.s3.eu-west-3.amazonaws.com/Produits/Images/gws-logo.png,google,GoogleWorkspaceFroline-isvfr,GWS-Frontline-Starter-Monthly,GWS-Frontline-Starter-Annual-Mon,1010020030,Mensuel,Annuel,"Gmail, Gemini, Meet, Drive, Chat, Agenda, Docs, Sheets, Slides, NotebookLM, AppSheet ",complete,
Google Workspace Frontline Starter,,https://manystacks.s3.eu-west-3.amazonaws.com/Produits/Images/gws-logo.png,google,GoogleWorkspaceFroline-isvfr,GWS-Frontline-Starter-Monthly,GWS-Frontline-Starter-Annual--n5,1010020030,Mensuel,Annuel,"Gmail, Gemini, Meet, Drive, Chat, Agenda, Docs, Sheets, Slides, NotebookLM, AppSheet ",complete,
Google Workspace Frontline Starter,,https://manystacks.s3.eu-west-3.amazonaws.com/Produits/Images/gws-logo.png,google,GoogleWorkspaceFroline-isvfr,GWS-Frontline-Starter-Yearly,GWS-Frontline-Starter-Annual-Yea,1010020030,Annuel,Annuel,"Gmail, Gemini, Meet, Drive, Chat, Agenda, Docs, Sheets, Slides, NotebookLM, AppSheet ",complete,
Google Workspace Frontline Starter,,https://manystacks.s3.eu-west-3.amazonaws.com/Produits/Images/gws-logo.png,google,GoogleWorkspaceFroline-isvfr,Front-Starter-Monthly,Front-Starter-FlexAutorenew,1010020030,Mensuel,Mensuel,"Gmail, Gemini, Meet, Drive, Chat, Agenda, Docs, Sheets, Slides, NotebookLM, AppSheet ",complete,
Google Workspace Frontline Starter,,https://manystacks.s3.eu-west-3.amazonaws.com/Produits/Images/gws-logo.png,google,GoogleWorkspaceFroline-isvfr,Front-Starter-Monthly,Front-Starter-FlexTransfer,1010020030,Mensuel,Mensuel,"Gmail, Gemini, Meet, Drive, Chat, Agenda, Docs, Sheets, Slides, NotebookLM, AppSheet ",complete,
Google Workspace Frontline Starter,,https://manystacks.s3.eu-west-3.amazonaws.com/Produits/Images/gws-logo.png,google,GoogleWorkspaceFroline-isvfr,Front-Starter-Monthly,Front-Starter-36Mnth,1010020030,Mensuel,36 mois,"Gmail, Gemini, Meet, Drive, Chat, Agenda, Docs, Sheets, Slides, NotebookLM, AppSheet ",complete,
Google Workspace Frontline Starter,,https://manystacks.s3.eu-west-3.amazonaws.com/Produits/Images/gws-logo.png,google,GoogleWorkspaceFroline-isvfr,Front-Starter-Monthly,Front-Starter-36Mnth-n0,1010020030,Mensuel,36 mois,"Gmail, Gemini, Meet, Drive, Chat, Agenda, Docs, Sheets, Slides, NotebookLM, AppSheet ",complete,
Google Workspace Frontline Starter,,https://manystacks.s3.eu-west-3.amazonaws.com/Produits/Images/gws-logo.png,google,GoogleWorkspaceFroline-isvfr,Front-Starter-Monthly,Front-Starter-Annual-Monthly,1010020030,Mensuel,Annuel,"Gmail, Gemini, Meet, Drive, Chat, Agenda, Docs, Sheets, Slides, NotebookLM, AppSheet ",complete,
Google Workspace Frontline Starter,,https://manystacks.s3.eu-west-3.amazonaws.com/Produits/Images/gws-logo.png,google,GoogleWorkspaceFroline-isvfr,Front-Starter-Monthly,Front-Starter-Annual-Monthly-n0,1010020030,Mensuel,Annuel,"Gmail, Gemini, Meet, Drive, Chat, Agenda, Docs, Sheets, Slides, NotebookLM, AppSheet ",complete,
Google Workspace Frontline Starter,,https://manystacks.s3.eu-west-3.amazonaws.com/Produits/Images/gws-logo.png,google,GoogleWorkspaceFroline-isvfr,GWS-Front-Starter-Monthly---RABF,GWS-Front-Starter---Annual-month,1010020030,Mensuel,Annuel,"Gmail, Gemini, Meet, Drive, Chat, Agenda, Docs, Sheets, Slides, NotebookLM, AppSheet ",complete,
Google Workspace Frontline Starter,,https://manystacks.s3.eu-west-3.amazonaws.com/Produits/Images/gws-logo.png,google,GoogleWorkspaceFroline-isvfr,GWS-Front-Starter-Monthly---RABF,GWS-Front-Starter---Annual-Mo-n0,1010020030,Mensuel,Annuel,"Gmail, Gemini, Meet, Drive, Chat, Agenda, Docs, Sheets, Slides, NotebookLM, AppSheet ",complete,
Google Workspace Frontline Starter,,https://manystacks.s3.eu-west-3.amazonaws.com/Produits/Images/gws-logo.png,google,GoogleWorkspaceFroline-isvfr,GWS-Front-Starter-Monthly---RABF,GWS-Front-Starter---Flexible,1010020030,Mensuel,Mensuel,"Gmail, Gemini, Meet, Drive, Chat, Agenda, Docs, Sheets, Slides, NotebookLM, AppSheet ",complete,
Google Workspace Frontline Starter,,https://manystacks.s3.eu-west-3.amazonaws.com/Produits/Images/gws-logo.png,google,GoogleWorkspaceFroline-isvfr,GWS-Front-Starter-Monthly---RABF,GWS-Front-Starter---Flexible-n0,1010020030,Mensuel,Mensuel,"Gmail, Gemini, Meet, Drive, Chat, Agenda, Docs, Sheets, Slides, NotebookLM, AppSheet ",complete,
Google Workspace Frontline Starter,,https://manystacks.s3.eu-west-3.amazonaws.com/Produits/Images/gws-logo.png,google,GoogleWorkspaceFroline-isvfr,GWS-Front-Starter-Monthly---RABF,GWS-Front-Starter---Annual-mo-n1,1010020030,Mensuel,Annuel,"Gmail, Gemini, Meet, Drive, Chat, Agenda, Docs, Sheets, Slides, NotebookLM, AppSheet ",complete,
Google Workspace Frontline Starter,,https://manystacks.s3.eu-west-3.amazonaws.com/Produits/Images/gws-logo.png,google,GoogleWorkspaceFroline-isvfr,GWS-Front-Starter-Monthly---RABF,GWS-Front-Starter---Annual-mo-n2,1010020030,Mensuel,Annuel,"Gmail, Gemini, Meet, Drive, Chat, Agenda, Docs, Sheets, Slides, NotebookLM, AppSheet ",complete,
Google Workspace Frontline Standard,,https://manystacks.s3.eu-west-3.amazonaws.com/Produits/Images/gws-logo.png,google,GoogleWorkspaceFroline-isvfr,GWS-Front-Standard-Monthly---RAB,GWS-Front-Standard---Commitment-,1010020031,Mensuel,Mensuel,"Gmail, Gemini, Meet, Drive, Chat, Agenda, Docs, Sheets, Slides, NotebookLM, AppSheet ",complete,
Google Workspace Frontline Standard,,https://manystacks.s3.eu-west-3.amazonaws.com/Produits/Images/gws-logo.png,google,GoogleWorkspaceFroline-isvfr,GWS-Front-Standard-Monthly---RAB,GWS-Front-Standard---36-months-f,1010020031,Mensuel,36 mois,"Gmail, Gemini, Meet, Drive, Chat, Agenda, Docs, Sheets, Slides, NotebookLM, AppSheet ",complete,
Google Workspace Frontline Standard,,https://manystacks.s3.eu-west-3.amazonaws.com/Produits/Images/gws-logo.png,google,GoogleWorkspaceFroline-isvfr,GWS-Front-Standard-Monthly---RAB,GWS-Frontline-Starter-36-MonthMo,1010020031,Mensuel,36 mois,"Gmail, Gemini, Meet, Drive, Chat, Agenda, Docs, Sheets, Slides, NotebookLM, AppSheet ",complete,
Google Workspace Frontline Standard,,https://manystacks.s3.eu-west-3.amazonaws.com/Produits/Images/gws-logo.png,google,GoogleWorkspaceFroline-isvfr,GWS-Front-Standard-Monthly---RAB,GWS-Frontline-Offline,1010020031,Mensuel,Mensuel,"Gmail, Gemini, Meet, Drive, Chat, Agenda, Docs, Sheets, Slides, NotebookLM, AppSheet ",complete,
Google Workspace Education,,https://manystacks.s3.eu-west-3.amazonaws.com/Produits/Images/gws-logo.png,google,NEWGWSEdu-isvfr,Google-Workspace-for-Education-P,Trial-Plan,,Mensuel,Mensuel,,,
Google Workspace Education,,https://manystacks.s3.eu-west-3.amazonaws.com/Produits/Images/gws-logo.png,google,NEWGWSEdu-isvfr,Google-Workspace-for-Education-S,Trial,,Mensuel,Mensuel,,,
Google Workspace Education,,https://manystacks.s3.eu-west-3.amazonaws.com/Produits/Images/gws-logo.png,google,NEWGWSEdu-isvfr,sku--Google-Workspace-for-Edu-n0,Trial-Plan-n1,,Mensuel,Mensuel,,,
Google Workspace Education,,https://manystacks.s3.eu-west-3.amazonaws.com/Produits/Images/gws-logo.png,google,NEWGWSEdu-isvfr,sku--Google-Workspace-for-Edu-n0,Flexible-Plan-n1,,Mensuel,Mensuel,,,
Google Workspace Education,,https://manystacks.s3.eu-west-3.amazonaws.com/Produits/Images/gws-logo.png,google,NEWGWSEdu-isvfr,sku--Google-Workspace-for-Edu-n0,Annual-Plan-Monthly-Payment-n1,,Mensuel,Annuel,,,
Google Workspace Education,,https://manystacks.s3.eu-west-3.amazonaws.com/Produits/Images/gws-logo.png,google,NEWGWSEdu-isvfr,GWS-for-Education-Teaching-and-L,Annual-Plan-Yearly-Payment-n3,,Mensuel,Annuel,,,
Google Workspace Education,,https://manystacks.s3.eu-west-3.amazonaws.com/Produits/Images/gws-logo.png,google,NEWGWSEdu-isvfr,GWS-for-Education-Teaching-an-n0,Trial-Plan-n2,,Mensuel,Mensuel,,,
Google Workspace Education,,https://manystacks.s3.eu-west-3.amazonaws.com/Produits/Images/gws-logo.png,google,NEWGWSEdu-isvfr,Google-Workspace-for-Education-F,Trial-Plan-n3,,Mensuel,Mensuel,,,
Google Workspace Education,,https://manystacks.s3.eu-west-3.amazonaws.com/Produits/Images/gws-logo.png,google,NEWGWSEdu-isvfr,Google-Workspace-for-Education-F,Google-Workspace-for-Educatio-n1,,Mensuel,Mensuel,,,
Google Workspace Education,,https://manystacks.s3.eu-west-3.amazonaws.com/Produits/Images/gws-logo.png,google,NEWGWSEdu-isvfr,Google-Workspace-for-Educatio-n0,GWS-for-Education-Plus--Annual-P,,Annuel,Annuel,,,
Google Workspace Education,,https://manystacks.s3.eu-west-3.amazonaws.com/Produits/Images/gws-logo.png,google,NEWGWSEdu-isvfr,Google-Workspace-for-Educatio-n0,GWS-for-Education-Plus--Annua-n0,,Annuel,Annuel,,,
Google Workspace Education,,https://manystacks.s3.eu-west-3.amazonaws.com/Produits/Images/gws-logo.png,google,NEWGWSEdu-isvfr,Google-Workspace-for-Educatio-n0,GWS-for-Education-Plus---Annual-,,Annuel,Annuel,,,
Google Workspace Education,,https://manystacks.s3.eu-west-3.amazonaws.com/Produits/Images/gws-logo.png,google,NEWGWSEdu-isvfr,GWS-for-Education-Teaching-an-n1,GWS-for-Education-Teaching-an-n2,,Mensuel,Annuel,,,
Google Workspace Education,,https://manystacks.s3.eu-west-3.amazonaws.com/Produits/Images/gws-logo.png,google,NEWGWSEdu-isvfr,GWS-for-Education-Teaching-an-n1,GWS-for-Education-Teaching-an-n3,,Annuel,Annuel,,,
Google Workspace Business Starter,,https://manystacks.s3.eu-west-3.amazonaws.com/Produits/Images/gws-logo.png,google,GoogleWorkspace-isvfr,GWS-Bus-Starter-Monthly,GWS-Bus-Starter-Flex,1010020027,Mensuel,Mensuel,"Gmail, Gemini, Meet, Drive, Chat, Agenda, Docs, Sheets, Slides, NotebookLM, AppSheet ",complete,6.90
Google Workspace Business Starter,,https://manystacks.s3.eu-west-3.amazonaws.com/Produits/Images/gws-logo.png,google,GoogleWorkspace-isvfr,GWS-Bus-Starter-Monthly,GWS-Bus-Starter-Annual-Monthly-P,1010020027,Mensuel,Annuel,"Gmail, Gemini, Meet, Drive, Chat, Agenda, Docs, Sheets, Slides, NotebookLM, AppSheet ",complete,
Google Workspace Business Starter,,https://manystacks.s3.eu-west-3.amazonaws.com/Produits/Images/gws-logo.png,google,GoogleWorkspace-isvfr,GWS-Bus-Starter-Monthly,GWS-Bus-Starter-Trial-Plan,1010020027,Mensuel,Mensuel,"Gmail, Gemini, Meet, Drive, Chat, Agenda, Docs, Sheets, Slides, NotebookLM, AppSheet ",complete,6.90
Google Workspace Business Starter,,https://manystacks.s3.eu-west-3.amazonaws.com/Produits/Images/gws-logo.png,google,GoogleWorkspace-isvfr,GWS-Bus-Starter-Monthly,GWS-Bus-Starter-Annual-Monthl-n2,1010020027,Mensuel,Annuel,"Gmail, Gemini, Meet, Drive, Chat, Agenda, Docs, Sheets, Slides, NotebookLM, AppSheet ",complete,
Google Workspace Business Starter,,https://manystacks.s3.eu-west-3.amazonaws.com/Produits/Images/gws-logo.png,google,GoogleWorkspace-isvfr,GWS-Bus-Starter-Yearly,GWS-Bus-Starter-Annual-Yearly-Py,1010020027,Annuel,Annuel,"Gmail, Gemini, Meet, Drive, Chat, Agenda, Docs, Sheets, Slides, NotebookLM, AppSheet ",complete,69.00
Google Workspace Business Starter,,https://manystacks.s3.eu-west-3.amazonaws.com/Produits/Images/gws-logo.png,google,GoogleWorkspace-isvfr,Bus-Starter-Monthly,Bus-Starter-FlexAutorenew,1010020027,Mensuel,Mensuel,"Gmail, Gemini, Meet, Drive, Chat, Agenda, Docs, Sheets, Slides, NotebookLM, AppSheet ",complete,6.90
Google Workspace Business Starter,,https://manystacks.s3.eu-west-3.amazonaws.com/Produits/Images/gws-logo.png,google,GoogleWorkspace-isvfr,Bus-Starter-Monthly,Bus-Starter-FlexTransfer,1010020027,Mensuel,Mensuel,"Gmail, Gemini, Meet, Drive, Chat, Agenda, Docs, Sheets, Slides, NotebookLM, AppSheet ",complete,6.90
Google Workspace Business Starter,,https://manystacks.s3.eu-west-3.amazonaws.com/Produits/Images/gws-logo.png,google,GoogleWorkspace-isvfr,Bus-Starter-Monthly,Bus-Starter-Anual-monthlyAutoren,1010020027,Mensuel,Annuel,"Gmail, Gemini, Meet, Drive, Chat, Agenda, Docs, Sheets, Slides, NotebookLM, AppSheet ",complete,
Google Workspace Business Starter,,https://manystacks.s3.eu-west-3.amazonaws.com/Produits/Images/gws-logo.png,google,GoogleWorkspace-isvfr,Bus-Starter-Monthly,Bus-Starter-Anual-monthlyTransfe,1010020027,Mensuel,Annuel,"Gmail, Gemini, Meet, Drive, Chat, Agenda, Docs, Sheets, Slides, NotebookLM, AppSheet ",complete,
Google Workspace Business Starter,,https://manystacks.s3.eu-west-3.amazonaws.com/Produits/Images/gws-logo.png,google,GoogleWorkspace-isvfr,Bus-Starter-Monthly,Bus-Starter-Flex,1010020027,Mensuel,Mensuel,"Gmail, Gemini, Meet, Drive, Chat, Agenda, Docs, Sheets, Slides, NotebookLM, AppSheet ",complete,6.90
Google Workspace Business Starter,,https://manystacks.s3.eu-west-3.amazonaws.com/Produits/Images/gws-logo.png,google,GoogleWorkspace-isvfr,Bus-Starter-Monthly,Bus-Starter-Anual-monthly,1010020027,Mensuel,Annuel,"Gmail, Gemini, Meet, Drive, Chat, Agenda, Docs, Sheets, Slides, NotebookLM, AppSheet ",complete,
Google Workspace Business Starter,,https://manystacks.s3.eu-west-3.amazonaws.com/Produits/Images/gws-logo.png,google,GoogleWorkspace-isvfr,Bus-Starter-Monthly,Bus-Starter-36Mnth,1010020027,Mensuel,36 mois,"Gmail, Gemini, Meet, Drive, Chat, Agenda, Docs, Sheets, Slides, NotebookLM, AppSheet ",complete,
Google Workspace Business Starter,,https://manystacks.s3.eu-west-3.amazonaws.com/Produits/Images/gws-logo.png,google,GoogleWorkspace-isvfr,Bus-Starter-Monthly,Bus-Starter-Annual-Monthly,1010020027,Mensuel,Annuel,"Gmail, Gemini, Meet, Drive, Chat, Agenda, Docs, Sheets, Slides, NotebookLM, AppSheet ",complete,
Google Workspace Business Starter,,https://manystacks.s3.eu-west-3.amazonaws.com/Produits/Images/gws-logo.png,google,GoogleWorkspace-isvfr,Bus-Starter-Monthly,Bus-Starter-36Mnth-n0,1010020027,Mensuel,36 mois,"Gmail, Gemini, Meet, Drive, Chat, Agenda, Docs, Sheets, Slides, NotebookLM, AppSheet ",complete,
Google Workspace Business Starter,,https://manystacks.s3.eu-west-3.amazonaws.com/Produits/Images/gws-logo.png,google,GoogleWorkspace-isvfr,Bus-Starter-Monthly,Bus-Starter-24Mnth,1010020027,Mensuel,24 mois,"Gmail, Gemini, Meet, Drive, Chat, Agenda, Docs, Sheets, Slides, NotebookLM, AppSheet ",complete,
Google Workspace Business Starter,,https://manystacks.s3.eu-west-3.amazonaws.com/Produits/Images/gws-logo.png,google,GoogleWorkspace-isvfr,Bus-Starter-Monthly,Bus-Starter-Annual-Monthly-n0,1010020027,Mensuel,Annuel,"Gmail, Gemini, Meet, Drive, Chat, Agenda, Docs, Sheets, Slides, NotebookLM, AppSheet ",complete,
Google Workspace Business Starter,,https://manystacks.s3.eu-west-3.amazonaws.com/Produits/Images/gws-logo.png,google,GoogleWorkspace-isvfr,Bus-Starter-Monthly,Bus-Starter-Annual-Monthly-n1,1010020027,Mensuel,Annuel,"Gmail, Gemini, Meet, Drive, Chat, Agenda, Docs, Sheets, Slides, NotebookLM, AppSheet ",complete,
Google Workspace Business Starter,,https://manystacks.s3.eu-west-3.amazonaws.com/Produits/Images/gws-logo.png,google,GoogleWorkspace-isvfr,Bus-Starter-Monthly,Bus-Starter-Annual-Monthly-n2,1010020027,Mensuel,Annuel,"Gmail, Gemini, Meet, Drive, Chat, Agenda, Docs, Sheets, Slides, NotebookLM, AppSheet ",complete,
Google Workspace Business Starter,,https://manystacks.s3.eu-west-3.amazonaws.com/Produits/Images/gws-logo.png,google,GoogleWorkspace-isvfr,Bus-Starter-Monthly,Bus-Starter-Flex-n0,1010020027,Mensuel,Mensuel,"Gmail, Gemini, Meet, Drive, Chat, Agenda, Docs, Sheets, Slides, NotebookLM, AppSheet ",complete,6.90
Google Workspace Business Starter,,https://manystacks.s3.eu-west-3.amazonaws.com/Produits/Images/gws-logo.png,google,GoogleWorkspace-isvfr,Bus-Starter-Monthly,Bus-Starter-36Mnth-n1,1010020027,Mensuel,36 mois,"Gmail, Gemini, Meet, Drive, Chat, Agenda, Docs, Sheets, Slides, NotebookLM, AppSheet ",complete,
Google Workspace Business Starter,,https://manystacks.s3.eu-west-3.amazonaws.com/Produits/Images/gws-logo.png,google,GoogleWorkspace-isvfr,Bus-Starter-Monthly,Bus-Starter-24Mnth-n0,1010020027,Mensuel,24 mois,"Gmail, Gemini, Meet, Drive, Chat, Agenda, Docs, Sheets, Slides, NotebookLM, AppSheet ",complete,
Google Workspace Business Starter,,https://manystacks.s3.eu-west-3.amazonaws.com/Produits/Images/gws-logo.png,google,GoogleWorkspace-isvfr,Bus-Starter-Monthly,Bus-Starter-36Mnth-n2,1010020027,Mensuel,36 mois,"Gmail, Gemini, Meet, Drive, Chat, Agenda, Docs, Sheets, Slides, NotebookLM, AppSheet ",complete,
Google Workspace Business Starter,,https://manystacks.s3.eu-west-3.amazonaws.com/Produits/Images/gws-logo.png,google,GoogleWorkspace-isvfr,Bus-Starter-Monthly,Bus-Starter-36Mnth-n3,1010020027,Mensuel,36 mois,"Gmail, Gemini, Meet, Drive, Chat, Agenda, Docs, Sheets, Slides, NotebookLM, AppSheet ",complete,
Google Workspace Business Starter,,https://manystacks.s3.eu-west-3.amazonaws.com/Produits/Images/gws-logo.png,google,GoogleWorkspace-isvfr,Bus-Starter-Monthly,Bus-Starter-36Mnth-n4,1010020027,Mensuel,36 mois,"Gmail, Gemini, Meet, Drive, Chat, Agenda, Docs, Sheets, Slides, NotebookLM, AppSheet ",complete,
Google Workspace Business Starter,,https://manystacks.s3.eu-west-3.amazonaws.com/Produits/Images/gws-logo.png,google,GoogleWorkspace-isvfr,Bus-Starter-Monthly,Bus-Starter-Annual-Monthly-n3,1010020027,Mensuel,Annuel,"Gmail, Gemini, Meet, Drive, Chat, Agenda, Docs, Sheets, Slides, NotebookLM, AppSheet ",complete,
Google Workspace Business Starter,,https://manystacks.s3.eu-west-3.amazonaws.com/Produits/Images/gws-logo.png,google,GoogleWorkspace-isvfr,Bus-Starter-Monthly,Bus-Starter-Annual-Monthly-n4,1010020027,Mensuel,Annuel,"Gmail, Gemini, Meet, Drive, Chat, Agenda, Docs, Sheets, Slides, NotebookLM, AppSheet ",complete,
Google Workspace Business Starter,,https://manystacks.s3.eu-west-3.amazonaws.com/Produits/Images/gws-logo.png,google,GoogleWorkspace-isvfr,Bus-Starter-Monthly,Bus-Starter-36Mnth-n5,1010020027,Mensuel,36 mois,"Gmail, Gemini, Meet, Drive, Chat, Agenda, Docs, Sheets, Slides, NotebookLM, AppSheet ",complete,
Google Workspace Business Starter,,https://manystacks.s3.eu-west-3.amazonaws.com/Produits/Images/gws-logo.png,google,GoogleWorkspace-isvfr,Bus-Starter-Monthly,Bus-Starter-Offline,1010020027,Mensuel,Mensuel,"Gmail, Gemini, Meet, Drive, Chat, Agenda, Docs, Sheets, Slides, NotebookLM, AppSheet ",complete,6.90
Google Workspace Business Starter,,https://manystacks.s3.eu-west-3.amazonaws.com/Produits/Images/gws-logo.png,google,GoogleWorkspace-isvfr,Bus-Starter-Monthly,Bus-Starter-Flex-n1,1010020027,Mensuel,Mensuel,"Gmail, Gemini, Meet, Drive, Chat, Agenda, Docs, Sheets, Slides, NotebookLM, AppSheet ",complete,6.90
Google Workspace Business Starter,,https://manystacks.s3.eu-west-3.amazonaws.com/Produits/Images/gws-logo.png,google,GoogleWorkspace-isvfr,Bus-Starter-Monthly,Bus-Starter-Annual-Monthly-n5,1010020027,Mensuel,Annuel,"Gmail, Gemini, Meet, Drive, Chat, Agenda, Docs, Sheets, Slides, NotebookLM, AppSheet ",complete,
Google Workspace Business Starter,,https://manystacks.s3.eu-west-3.amazonaws.com/Produits/Images/gws-logo.png,google,GoogleWorkspace-isvfr,Bus-Starter-Monthly,Bus-Starter-Flex-n2,1010020027,Mensuel,Mensuel,"Gmail, Gemini, Meet, Drive, Chat, Agenda, Docs, Sheets, Slides, NotebookLM, AppSheet ",complete,6.90
Google Workspace Business Starter,,https://manystacks.s3.eu-west-3.amazonaws.com/Produits/Images/gws-logo.png,google,GoogleWorkspace-isvfr,Bus-Starter-Yearly,Bus-Starter-Anual-yearlyAutorene,1010020027,Annuel,Annuel,"Gmail, Gemini, Meet, Drive, Chat, Agenda, Docs, Sheets, Slides, NotebookLM, AppSheet ",complete,69.00
Google Workspace Business Starter,,https://manystacks.s3.eu-west-3.amazonaws.com/Produits/Images/gws-logo.png,google,GoogleWorkspace-isvfr,Bus-Starter-Yearly,Bus-Starter-Anual-yearlyTransfer,1010020027,Annuel,Annuel,"Gmail, Gemini, Meet, Drive, Chat, Agenda, Docs, Sheets, Slides, NotebookLM, AppSheet ",complete,69.00
Google Workspace Business Starter,,https://manystacks.s3.eu-west-3.amazonaws.com/Produits/Images/gws-logo.png,google,GoogleWorkspace-isvfr,Bus-Starter-Yearly,Bus-Starter-Annual-Yearly,1010020027,Annuel,Annuel,"Gmail, Gemini, Meet, Drive, Chat, Agenda, Docs, Sheets, Slides, NotebookLM, AppSheet ",complete,69.00
Google Workspace Business Starter,,https://manystacks.s3.eu-west-3.amazonaws.com/Produits/Images/gws-logo.png,google,GoogleWorkspace-isvfr,Bus-Starter-Yearly,Bus-Starter-Annual-Yearly-n0,1010020027,Annuel,Annuel,"Gmail, Gemini, Meet, Drive, Chat, Agenda, Docs, Sheets, Slides, NotebookLM, AppSheet ",complete,69.00
Google Workspace Business Starter,,https://manystacks.s3.eu-west-3.amazonaws.com/Produits/Images/gws-logo.png,google,GoogleWorkspace-isvfr,Bus-Starter-Yearly,Bus-Starter-Annual-Yearly-n1,1010020027,Annuel,Annuel,"Gmail, Gemini, Meet, Drive, Chat, Agenda, Docs, Sheets, Slides, NotebookLM, AppSheet ",complete,69.00
Google Workspace Business Starter,,https://manystacks.s3.eu-west-3.amazonaws.com/Produits/Images/gws-logo.png,google,GoogleWorkspace-isvfr,GWS-Bus-Starter---Monthly--RABF,GWS-Bus-Starter---Annual-Monthly,1010020027,Mensuel,Annuel,"Gmail, Gemini, Meet, Drive, Chat, Agenda, Docs, Sheets, Slides, NotebookLM, AppSheet ",complete,
Google Workspace Business Starter,,https://manystacks.s3.eu-west-3.amazonaws.com/Produits/Images/gws-logo.png,google,GoogleWorkspace-isvfr,GWS-Bus-Starter---Monthly--RABF,GWS-Bus-Starter---Annual-Mont-n0,1010020027,Mensuel,Annuel,"Gmail, Gemini, Meet, Drive, Chat, Agenda, Docs, Sheets, Slides, NotebookLM, AppSheet ",complete,
Google Workspace Business Starter,,https://manystacks.s3.eu-west-3.amazonaws.com/Produits/Images/gws-logo.png,google,GoogleWorkspace-isvfr,GWS-Bus-Starter---Monthly--RABF,GWS-Bus-Starter---Annual-Mont-n1,1010020027,Mensuel,Annuel,"Gmail, Gemini, Meet, Drive, Chat, Agenda, Docs, Sheets, Slides, NotebookLM, AppSheet ",complete,
Google Workspace Business Starter,,https://manystacks.s3.eu-west-3.amazonaws.com/Produits/Images/gws-logo.png,google,GoogleWorkspace-isvfr,GWS-Bus-Starter---Monthly--RABF,GWS-Bus-Starter---Annual-Mont-n2,1010020027,Mensuel,Annuel,"Gmail, Gemini, Meet, Drive, Chat, Agenda, Docs, Sheets, Slides, NotebookLM, AppSheet ",complete,
Google Workspace Business Starter,,https://manystacks.s3.eu-west-3.amazonaws.com/Produits/Images/gws-logo.png,google,GoogleWorkspace-isvfr,GWS-Bus-Starter---Monthly--RABF,GWS-Bus-Starter---Annual-Mont-n3,1010020027,Mensuel,Annuel,"Gmail, Gemini, Meet, Drive, Chat, Agenda, Docs, Sheets, Slides, NotebookLM, AppSheet ",complete,
Google Workspace Business Starter,,https://manystacks.s3.eu-west-3.amazonaws.com/Produits/Images/gws-logo.png,google,GoogleWorkspace-isvfr,GWS-Bus-Starter---Monthly--RABF,GWS-Bus-Starter---Annual-Mont-n4,1010020027,Mensuel,Annuel,"Gmail, Gemini, Meet, Drive, Chat, Agenda, Docs, Sheets, Slides, NotebookLM, AppSheet ",complete,
Google Workspace Business Starter,,https://manystacks.s3.eu-west-3.amazonaws.com/Produits/Images/gws-logo.png,google,GoogleWorkspace-isvfr,GWS-Bus-Starter---Monthly--RABF,GWS-Bus-Starter---36Mnth-Monthly,1010020027,Mensuel,36 mois,"Gmail, Gemini, Meet, Drive, Chat, Agenda, Docs, Sheets, Slides, NotebookLM, AppSheet ",complete,
Google Workspace Business Starter,,https://manystacks.s3.eu-west-3.amazonaws.com/Produits/Images/gws-logo.png,google,GoogleWorkspace-isvfr,GWS-Bus-Starter-Monthly---RABF,GWS-Bus-Starter---Flexible-Plan,1010020027,Mensuel,Mensuel,"Gmail, Gemini, Meet, Drive, Chat, Agenda, Docs, Sheets, Slides, NotebookLM, AppSheet ",complete,6.90
Google Workspace Business Starter,,https://manystacks.s3.eu-west-3.amazonaws.com/Produits/Images/gws-logo.png,google,GoogleWorkspace-isvfr,GWS-Bus-Starter-Monthly---RABF,GWS-Bus-Starter---Annual-Mont-n5,1010020027,Mensuel,Annuel,"Gmail, Gemini, Meet, Drive, Chat, Agenda, Docs, Sheets, Slides, NotebookLM, AppSheet ",complete,
Google Workspace Business Starter,,https://manystacks.s3.eu-west-3.amazonaws.com/Produits/Images/gws-logo.png,google,GoogleWorkspace-isvfr,GWS-Bus-Starter-Monthly---RABF,GWS-Bus-Starter---Flexible-Pl-n0,1010020027,Mensuel,Mensuel,"Gmail, Gemini, Meet, Drive, Chat, Agenda, Docs, Sheets, Slides, NotebookLM, AppSheet ",complete,6.90
Google Workspace Business Starter,,https://manystacks.s3.eu-west-3.amazonaws.com/Produits/Images/gws-logo.png,google,GoogleWorkspace-isvfr,GWS-Bus-Starter-Monthly---RABF,GWS-Bus-Starter---Flexible-Pl-n1,1010020027,Mensuel,Mensuel,"Gmail, Gemini, Meet, Drive, Chat, Agenda, Docs, Sheets, Slides, NotebookLM, AppSheet ",complete,6.90
Google Workspace Business Starter,,https://manystacks.s3.eu-west-3.amazonaws.com/Produits/Images/gws-logo.png,google,GoogleWorkspace-isvfr,GWS-Bus-Starter-Monthly---RABF,GWS-Bus-Starter---36-months-fixe,1010020027,Mensuel,36 mois,"Gmail, Gemini, Meet, Drive, Chat, Agenda, Docs, Sheets, Slides, NotebookLM, AppSheet ",complete,
Google Workspace Business Starter,,https://manystacks.s3.eu-west-3.amazonaws.com/Produits/Images/gws-logo.png,google,GoogleWorkspace-isvfr,GWS-Bus-Starter-Monthly---RABF,GWS-Bus-Starter---Annual-Mont-n6,1010020027,Mensuel,Annuel,"Gmail, Gemini, Meet, Drive, Chat, Agenda, Docs, Sheets, Slides, NotebookLM, AppSheet ",complete,
Google Workspace Business Starter,,https://manystacks.s3.eu-west-3.amazonaws.com/Produits/Images/gws-logo.png,google,GoogleWorkspace-isvfr,GWS-Bus-Starter-Monthly---RABF,GWS-Bus-Starter---Annual-Mont-n7,1010020027,Mensuel,Annuel,"Gmail, Gemini, Meet, Drive, Chat, Agenda, Docs, Sheets, Slides, NotebookLM, AppSheet ",complete,
Google Workspace Business Starter,,https://manystacks.s3.eu-west-3.amazonaws.com/Produits/Images/gws-logo.png,google,GoogleWorkspace-isvfr,GWS-Bus-Starter-Monthly---RABF,GWS-Bus-Starter---Annual-Mont-n8,1010020027,Mensuel,Annuel,"Gmail, Gemini, Meet, Drive, Chat, Agenda, Docs, Sheets, Slides, NotebookLM, AppSheet ",complete,
Google Workspace Business Starter,,https://manystacks.s3.eu-west-3.amazonaws.com/Produits/Images/gws-logo.png,google,GoogleWorkspace-isvfr,GWS-Bus-Starter-Yearly---RABF,GWS-Bus-Starter-Annual---Yearly,1010020027,Annuel,Annuel,"Gmail, Gemini, Meet, Drive, Chat, Agenda, Docs, Sheets, Slides, NotebookLM, AppSheet ",complete,69.00
Google Workspace Business Starter,,https://manystacks.s3.eu-west-3.amazonaws.com/Produits/Images/gws-logo.png,google,GoogleWorkspace-isvfr,GWS-Bus-Starter-Yearly---RABF,GWS-Bus-Starter---Annual-Yearly,1010020027,Annuel,Annuel,"Gmail, Gemini, Meet, Drive, Chat, Agenda, Docs, Sheets, Slides, NotebookLM, AppSheet ",complete,69.00
Google Workspace Business Starter,,https://manystacks.s3.eu-west-3.amazonaws.com/Produits/Images/gws-logo.png,google,GoogleWorkspace-isvfr,GWS-Bus-Starter-Yearly---RABF,GWS-Bus-Starter---Annual-Year-n0,1010020027,Annuel,Annuel,"Gmail, Gemini, Meet, Drive, Chat, Agenda, Docs, Sheets, Slides, NotebookLM, AppSheet ",complete,69.00
Google Workspace Business Starter,,https://manystacks.s3.eu-west-3.amazonaws.com/Produits/Images/gws-logo.png,google,GoogleWorkspace-isvfr,GWS-Bus-Starter-Yearly---RABF,GWS-Bus-Starter---Annual-Year-n1,1010020027,Annuel,Annuel,"Gmail, Gemini, Meet, Drive, Chat, Agenda, Docs, Sheets, Slides, NotebookLM, AppSheet ",complete,69.00
Google Workspace Business Starter,,https://manystacks.s3.eu-west-3.amazonaws.com/Produits/Images/gws-logo.png,google,GoogleWorkspace-isvfr,Bus-Starter-Monthly,GWS-Bus-Starter-Annual-Monthl-n3,1010020027,Mensuel,Mensuel,"Gmail, Gemini, Meet, Drive, Chat, Agenda, Docs, Sheets, Slides, NotebookLM, AppSheet ",complete,6.90
Google Workspace Business Starter,,https://manystacks.s3.eu-west-3.amazonaws.com/Produits/Images/gws-logo.png,google,GoogleWorkspace-isvfr,Bus-Starter-Monthly,Bus-Starter-Flex-n3,1010020027,Mensuel,Mensuel,"Gmail, Gemini, Meet, Drive, Chat, Agenda, Docs, Sheets, Slides, NotebookLM, AppSheet ",complete,6.90
Google Workspace Business Starter,,https://manystacks.s3.eu-west-3.amazonaws.com/Produits/Images/gws-logo.png,google,GoogleWorkspace-isvfr,Bus-Starter-Monthly,GWS-Bus-Starter---Annual-Mont-n9,1010020027,Mensuel,Mensuel,"Gmail, Gemini, Meet, Drive, Chat, Agenda, Docs, Sheets, Slides, NotebookLM, AppSheet ",complete,6.90
Google Workspace Business Standard,,https://manystacks.s3.eu-west-3.amazonaws.com/Produits/Images/gws-logo.png,google,GoogleWorkspace-isvfr,Bus-Standard-Monthly,Bus-Standard-FlexAutorenew,1010020028,Mensuel,Mensuel,"Gmail, Gemini, Meet, Drive, Chat, Agenda, Docs, Sheets, Slides, NotebookLM, AppSheet ",complete,13.80
Google Workspace Business Standard,,https://manystacks.s3.eu-west-3.amazonaws.com/Produits/Images/gws-logo.png,google,GoogleWorkspace-isvfr,Bus-Standard-Monthly,Bus-Standard-FlexTransfer,1010020028,Mensuel,Mensuel,"Gmail, Gemini, Meet, Drive, Chat, Agenda, Docs, Sheets, Slides, NotebookLM, AppSheet ",complete,13.80
Google Workspace Business Standard,,https://manystacks.s3.eu-west-3.amazonaws.com/Produits/Images/gws-logo.png,google,GoogleWorkspace-isvfr,Bus-Standard-Monthly,Bus-Standard-Anual-monthlyAutore,1010020028,Mensuel,Annuel,"Gmail, Gemini, Meet, Drive, Chat, Agenda, Docs, Sheets, Slides, NotebookLM, AppSheet ",complete,
Google Workspace Business Standard,,https://manystacks.s3.eu-west-3.amazonaws.com/Produits/Images/gws-logo.png,google,GoogleWorkspace-isvfr,Bus-Standard-Monthly,Bus-Standard-Anual-monthlyTransf,1010020028,Mensuel,Annuel,"Gmail, Gemini, Meet, Drive, Chat, Agenda, Docs, Sheets, Slides, NotebookLM, AppSheet ",complete,
Google Workspace Business Standard,,https://manystacks.s3.eu-west-3.amazonaws.com/Produits/Images/gws-logo.png,google,GoogleWorkspace-isvfr,Bus-Standard-Monthly,Bus-Standard-Anual-monthlyAut-n0,1010020028,Mensuel,Annuel,"Gmail, Gemini, Meet, Drive, Chat, Agenda, Docs, Sheets, Slides, NotebookLM, AppSheet ",complete,
Google Workspace Business Standard,,https://manystacks.s3.eu-west-3.amazonaws.com/Produits/Images/gws-logo.png,google,GoogleWorkspace-isvfr,Bus-Standard-Monthly,Bus-Standard-Anual-monthly,1010020028,Mensuel,Annuel,"Gmail, Gemini, Meet, Drive, Chat, Agenda, Docs, Sheets, Slides, NotebookLM, AppSheet ",complete,
Google Workspace Business Standard,,https://manystacks.s3.eu-west-3.amazonaws.com/Produits/Images/gws-logo.png,google,GoogleWorkspace-isvfr,Bus-Standard-Monthly,Bus-Standard-Flex,1010020028,Mensuel,Mensuel,"Gmail, Gemini, Meet, Drive, Chat, Agenda, Docs, Sheets, Slides, NotebookLM, AppSheet ",complete,13.80
Google Workspace Business Standard,,https://manystacks.s3.eu-west-3.amazonaws.com/Produits/Images/gws-logo.png,google,GoogleWorkspace-isvfr,Bus-Standard-Monthly,Valid-GWSBusStdAnnual-monthly,1010020028,Mensuel,Annuel,"Gmail, Gemini, Meet, Drive, Chat, Agenda, Docs, Sheets, Slides, NotebookLM, AppSheet ",complete,
Google Workspace Business Standard,,https://manystacks.s3.eu-west-3.amazonaws.com/Produits/Images/gws-logo.png,google,GoogleWorkspace-isvfr,Bus-Standard-Monthly,Bus-Standard-Flex-n0,1010020028,Mensuel,Mensuel,"Gmail, Gemini, Meet, Drive, Chat, Agenda, Docs, Sheets, Slides, NotebookLM, AppSheet ",complete,13.80
Google Workspace Business Standard,,https://manystacks.s3.eu-west-3.amazonaws.com/Produits/Images/gws-logo.png,google,GoogleWorkspace-isvfr,Bus-Standard-Monthly,Bus-Standard-36Mnth,1010020028,Mensuel,36 mois,"Gmail, Gemini, Meet, Drive, Chat, Agenda, Docs, Sheets, Slides, NotebookLM, AppSheet ",complete,
Google Workspace Business Standard,,https://manystacks.s3.eu-west-3.amazonaws.com/Produits/Images/gws-logo.png,google,GoogleWorkspace-isvfr,Bus-Standard-Monthly,Bus-Standard-Annual-Monthly,1010020028,Mensuel,Annuel,"Gmail, Gemini, Meet, Drive, Chat, Agenda, Docs, Sheets, Slides, NotebookLM, AppSheet ",complete,
Google Workspace Business Standard,,https://manystacks.s3.eu-west-3.amazonaws.com/Produits/Images/gws-logo.png,google,GoogleWorkspace-isvfr,Bus-Standard-Monthly,Bus-Standard-36Mnth-n0,1010020028,Mensuel,36 mois,"Gmail, Gemini, Meet, Drive, Chat, Agenda, Docs, Sheets, Slides, NotebookLM, AppSheet ",complete,
Google Workspace Business Standard,,https://manystacks.s3.eu-west-3.amazonaws.com/Produits/Images/gws-logo.png,google,GoogleWorkspace-isvfr,Bus-Standard-Monthly,Bus-Standard-36Mnth-n1,1010020028,Mensuel,36 mois,"Gmail, Gemini, Meet, Drive, Chat, Agenda, Docs, Sheets, Slides, NotebookLM, AppSheet ",complete,
Google Workspace Business Standard,,https://manystacks.s3.eu-west-3.amazonaws.com/Produits/Images/gws-logo.png,google,GoogleWorkspace-isvfr,Bus-Standard-Monthly,Bus-Standard-24Mnth,1010020028,Mensuel,24 mois,"Gmail, Gemini, Meet, Drive, Chat, Agenda, Docs, Sheets, Slides, NotebookLM, AppSheet ",complete,
Google Workspace Business Standard,,https://manystacks.s3.eu-west-3.amazonaws.com/Produits/Images/gws-logo.png,google,GoogleWorkspace-isvfr,Bus-Standard-Monthly,Bus-Standard-Annual-Monthly-n0,1010020028,Mensuel,Annuel,"Gmail, Gemini, Meet, Drive, Chat, Agenda, Docs, Sheets, Slides, NotebookLM, AppSheet ",complete,
Google Workspace Business Standard,,https://manystacks.s3.eu-west-3.amazonaws.com/Produits/Images/gws-logo.png,google,GoogleWorkspace-isvfr,Bus-Standard-Monthly,Bus-Standard-36Mnth-n2,1010020028,Mensuel,36 mois,"Gmail, Gemini, Meet, Drive, Chat, Agenda, Docs, Sheets, Slides, NotebookLM, AppSheet ",complete,
Google Workspace Business Standard,,https://manystacks.s3.eu-west-3.amazonaws.com/Produits/Images/gws-logo.png,google,GoogleWorkspace-isvfr,Bus-Standard-Monthly,Bus-Standard-Annual-Monthly-n1,1010020028,Mensuel,Annuel,"Gmail, Gemini, Meet, Drive, Chat, Agenda, Docs, Sheets, Slides, NotebookLM, AppSheet ",complete,
Google Workspace Business Standard,,https://manystacks.s3.eu-west-3.amazonaws.com/Produits/Images/gws-logo.png,google,GoogleWorkspace-isvfr,Bus-Standard-Monthly,Bus-Standard-Flex-n1,1010020028,Mensuel,Mensuel,"Gmail, Gemini, Meet, Drive, Chat, Agenda, Docs, Sheets, Slides, NotebookLM, AppSheet ",complete,13.80
Google Workspace Business Standard,,https://manystacks.s3.eu-west-3.amazonaws.com/Produits/Images/gws-logo.png,google,GoogleWorkspace-isvfr,Bus-Standard-Monthly,Bus-Standard-Annual-Monthly-n2,1010020028,Mensuel,Annuel,"Gmail, Gemini, Meet, Drive, Chat, Agenda, Docs, Sheets, Slides, NotebookLM, AppSheet ",complete,
Google Workspace Business Standard,,https://manystacks.s3.eu-west-3.amazonaws.com/Produits/Images/gws-logo.png,google,GoogleWorkspace-isvfr,Bus-Standard-Monthly,Bus-Standard-36Mnth-n3,1010020028,Mensuel,36 mois,"Gmail, Gemini, Meet, Drive, Chat, Agenda, Docs, Sheets, Slides, NotebookLM, AppSheet ",complete,
Google Workspace Business Standard,,https://manystacks.s3.eu-west-3.amazonaws.com/Produits/Images/gws-logo.png,google,GoogleWorkspace-isvfr,Bus-Standard-Monthly,Bus-Standard-36Mnth-n4,1010020028,Mensuel,36 mois,"Gmail, Gemini, Meet, Drive, Chat, Agenda, Docs, Sheets, Slides, NotebookLM, AppSheet ",complete,
Google Workspace Business Standard,,https://manystacks.s3.eu-west-3.amazonaws.com/Produits/Images/gws-logo.png,google,GoogleWorkspace-isvfr,Bus-Standard-Monthly,Bus-Standard-Annual-Monthly-n3,1010020028,Mensuel,Annuel,"Gmail, Gemini, Meet, Drive, Chat, Agenda, Docs, Sheets, Slides, NotebookLM, AppSheet ",complete,
Google Workspace Business Standard,,https://manystacks.s3.eu-west-3.amazonaws.com/Produits/Images/gws-logo.png,google,GoogleWorkspace-isvfr,Bus-Standard-Monthly,Bus-Standard-Offline,1010020028,Mensuel,Mensuel,"Gmail, Gemini, Meet, Drive, Chat, Agenda, Docs, Sheets, Slides, NotebookLM, AppSheet ",complete,13.80
Google Workspace Business Standard,,https://manystacks.s3.eu-west-3.amazonaws.com/Produits/Images/gws-logo.png,google,GoogleWorkspace-isvfr,Bus-Standard-Monthly,Bus-Standard-Annual-Monthly-n4,1010020028,Mensuel,Annuel,"Gmail, Gemini, Meet, Drive, Chat, Agenda, Docs, Sheets, Slides, NotebookLM, AppSheet ",complete,
Google Workspace Business Standard,,https://manystacks.s3.eu-west-3.amazonaws.com/Produits/Images/gws-logo.png,google,GoogleWorkspace-isvfr,Bus-Standard-Monthly,Bus-Standard-Trial---Grace-Plan,1010020028,Mensuel,Mensuel,"Gmail, Gemini, Meet, Drive, Chat, Agenda, Docs, Sheets, Slides, NotebookLM, AppSheet ",complete,13.80
Google Workspace Business Standard,,https://manystacks.s3.eu-west-3.amazonaws.com/Produits/Images/gws-logo.png,google,GoogleWorkspace-isvfr,Bus-Standard-Monthly,Bus-Standard-36Mnth-fixed-Monthl,1010020028,Mensuel,36 mois,"Gmail, Gemini, Meet, Drive, Chat, Agenda, Docs, Sheets, Slides, NotebookLM, AppSheet ",complete,
Google Workspace Business Standard,,https://manystacks.s3.eu-west-3.amazonaws.com/Produits/Images/gws-logo.png,google,GoogleWorkspace-isvfr,Bus-Standard-Yearly,Bus-Standard-Anual-yearlyAutoren,1010020028,Annuel,Annuel,"Gmail, Gemini, Meet, Drive, Chat, Agenda, Docs, Sheets, Slides, NotebookLM, AppSheet ",complete,138.00
Google Workspace Business Standard,,https://manystacks.s3.eu-west-3.amazonaws.com/Produits/Images/gws-logo.png,google,GoogleWorkspace-isvfr,Bus-Standard-Yearly,Bus-Standard-Anual-yearlyTransfe,1010020028,Annuel,Annuel,"Gmail, Gemini, Meet, Drive, Chat, Agenda, Docs, Sheets, Slides, NotebookLM, AppSheet ",complete,138.00
Google Workspace Business Standard,,https://manystacks.s3.eu-west-3.amazonaws.com/Produits/Images/gws-logo.png,google,GoogleWorkspace-isvfr,Bus-Standard-Yearly,Valid-GWSBusStdAnnual-yearly-n0,1010020028,Annuel,Annuel,"Gmail, Gemini, Meet, Drive, Chat, Agenda, Docs, Sheets, Slides, NotebookLM, AppSheet ",complete,138.00
Google Workspace Business Standard,,https://manystacks.s3.eu-west-3.amazonaws.com/Produits/Images/gws-logo.png,google,GoogleWorkspace-isvfr,Bus-Standard-Yearly,Bus-Standard-Annual-Yearly,1010020028,Annuel,Annuel,"Gmail, Gemini, Meet, Drive, Chat, Agenda, Docs, Sheets, Slides, NotebookLM, AppSheet ",complete,138.00
Google Workspace Business Standard,,https://manystacks.s3.eu-west-3.amazonaws.com/Produits/Images/gws-logo.png,google,GoogleWorkspace-isvfr,Google-Workspace-Business-St-n49,GWS-Business-Standard---Annua-n5,1010020028,Mensuel,Annuel,"Gmail, Gemini, Meet, Drive, Chat, Agenda, Docs, Sheets, Slides, NotebookLM, AppSheet ",complete,
Google Workspace Business Standard,,https://manystacks.s3.eu-west-3.amazonaws.com/Produits/Images/gws-logo.png,google,GoogleWorkspace-isvfr,Google-Workspace-Business-St-n49,GWS-Bus-Standard---36-months-fix,1010020028,Mensuel,36 mois,"Gmail, Gemini, Meet, Drive, Chat, Agenda, Docs, Sheets, Slides, NotebookLM, AppSheet ",complete,
Google Workspace Business Standard,,https://manystacks.s3.eu-west-3.amazonaws.com/Produits/Images/gws-logo.png,google,GoogleWorkspace-isvfr,Google-Workspace-Business-St-n49,GWS-Bus-Standard---Annual-Mon-n0,1010020028,Mensuel,Annuel,"Gmail, Gemini, Meet, Drive, Chat, Agenda, Docs, Sheets, Slides, NotebookLM, AppSheet ",complete,
Google Workspace Business Standard,,https://manystacks.s3.eu-west-3.amazonaws.com/Produits/Images/gws-logo.png,google,GoogleWorkspace-isvfr,Google-Workspace-Business-St-n49,GWS-Bus-Standard---36-months--n3,1010020028,Mensuel,36 mois,"Gmail, Gemini, Meet, Drive, Chat, Agenda, Docs, Sheets, Slides, NotebookLM, AppSheet ",complete,
Google Workspace Business Standard,,https://manystacks.s3.eu-west-3.amazonaws.com/Produits/Images/gws-logo.png,google,GoogleWorkspace-isvfr,Google-Workspace-Business-St-n49,GWS-Bus-Standard---Annual-Mon-n1,1010020028,Mensuel,Annuel,"Gmail, Gemini, Meet, Drive, Chat, Agenda, Docs, Sheets, Slides, NotebookLM, AppSheet ",complete,
Google Workspace Business Standard,,https://manystacks.s3.eu-west-3.amazonaws.com/Produits/Images/gws-logo.png,google,GoogleWorkspace-isvfr,Google-Workspace-Business-St-n49,GWS-Bus-Standard---36-months--n4,1010020028,Mensuel,36 mois,"Gmail, Gemini, Meet, Drive, Chat, Agenda, Docs, Sheets, Slides, NotebookLM, AppSheet ",complete,
Google Workspace Business Standard,,https://manystacks.s3.eu-west-3.amazonaws.com/Produits/Images/gws-logo.png,google,GoogleWorkspace-isvfr,Google-Workspace-Business-St-n49,GWS-Bus-Standard---Annual-Mon-n2,1010020028,Mensuel,Annuel,"Gmail, Gemini, Meet, Drive, Chat, Agenda, Docs, Sheets, Slides, NotebookLM, AppSheet ",complete,
Google Workspace Business Standard,,https://manystacks.s3.eu-west-3.amazonaws.com/Produits/Images/gws-logo.png,google,GoogleWorkspace-isvfr,Google-Workspace-Business-St-n49,GWS-Bus-Standard---Annual-Mon-n3,1010020028,Mensuel,Annuel,"Gmail, Gemini, Meet, Drive, Chat, Agenda, Docs, Sheets, Slides, NotebookLM, AppSheet ",complete,
Google Workspace Business Standard,,https://manystacks.s3.eu-west-3.amazonaws.com/Produits/Images/gws-logo.png,google,GoogleWorkspace-isvfr,Google-Workspace-Business-St-n49,GWS-Bus-Standard---Annual-Mon-n4,1010020028,Mensuel,Annuel,"Gmail, Gemini, Meet, Drive, Chat, Agenda, Docs, Sheets, Slides, NotebookLM, AppSheet ",complete,
Google Workspace Business Standard,,https://manystacks.s3.eu-west-3.amazonaws.com/Produits/Images/gws-logo.png,google,GoogleWorkspace-isvfr,Google-Workspace-Business-St-n49,GWS-Bus-Standard---Flexible-P-n0,1010020028,Mensuel,Mensuel,"Gmail, Gemini, Meet, Drive, Chat, Agenda, Docs, Sheets, Slides, NotebookLM, AppSheet ",complete,13.80
Google Workspace Business Standard,,https://manystacks.s3.eu-west-3.amazonaws.com/Produits/Images/gws-logo.png,google,GoogleWorkspace-isvfr,Google-Workspace-Business-St-n49,GWS-Bus-Standard---Flexible--Pla,1010020028,Mensuel,Mensuel,"Gmail, Gemini, Meet, Drive, Chat, Agenda, Docs, Sheets, Slides, NotebookLM, AppSheet ",complete,13.80
Google Workspace Business Standard,,https://manystacks.s3.eu-west-3.amazonaws.com/Produits/Images/gws-logo.png,google,GoogleWorkspace-isvfr,Google-Workspace-Business-St-n49,GWS-Bus-Standard---24-months-fix,1010020028,Mensuel,24 mois,"Gmail, Gemini, Meet, Drive, Chat, Agenda, Docs, Sheets, Slides, NotebookLM, AppSheet ",complete,
Google Workspace Business Standard,,https://manystacks.s3.eu-west-3.amazonaws.com/Produits/Images/gws-logo.png,google,GoogleWorkspace-isvfr,Google-Workspace-Business-St-n49,GWS-Bus-Standard---Annual-Mon-n5,1010020028,Mensuel,Annuel,"Gmail, Gemini, Meet, Drive, Chat, Agenda, Docs, Sheets, Slides, NotebookLM, AppSheet ",complete,
Google Workspace Business Standard,,https://manystacks.s3.eu-west-3.amazonaws.com/Produits/Images/gws-logo.png,google,GoogleWorkspace-isvfr,Google-Workspace-Business-St-n49,GWS-Bus-Standard---Annual-Mon-n6,1010020028,Mensuel,Annuel,"Gmail, Gemini, Meet, Drive, Chat, Agenda, Docs, Sheets, Slides, NotebookLM, AppSheet ",complete,
Google Workspace Business Standard,,https://manystacks.s3.eu-west-3.amazonaws.com/Produits/Images/gws-logo.png,google,GoogleWorkspace-isvfr,Google-Workspace-Business-St-n49,GWS-Bus-Standard---36-months--n5,1010020028,Mensuel,36 mois,"Gmail, Gemini, Meet, Drive, Chat, Agenda, Docs, Sheets, Slides, NotebookLM, AppSheet ",complete,
Google Workspace Business Standard,,https://manystacks.s3.eu-west-3.amazonaws.com/Produits/Images/gws-logo.png,google,GoogleWorkspace-isvfr,Google-Workspace-Business-St-n49,GWS-Bus-Standard---36-months--n6,1010020028,Mensuel,36 mois,"Gmail, Gemini, Meet, Drive, Chat, Agenda, Docs, Sheets, Slides, NotebookLM, AppSheet ",complete,
Google Workspace Business Standard,,https://manystacks.s3.eu-west-3.amazonaws.com/Produits/Images/gws-logo.png,google,GoogleWorkspace-isvfr,Google-Workspace-Business-St-n49,GWS-Bus-Standard---36-months--n7,1010020028,Mensuel,36 mois,"Gmail, Gemini, Meet, Drive, Chat, Agenda, Docs, Sheets, Slides, NotebookLM, AppSheet ",complete,
Google Workspace Business Standard,,https://manystacks.s3.eu-west-3.amazonaws.com/Produits/Images/gws-logo.png,google,GoogleWorkspace-isvfr,Google-Workspace-Business-St-n49,GWS-Bus-Standard---Annual-Mon-n7,1010020028,Mensuel,Annuel,"Gmail, Gemini, Meet, Drive, Chat, Agenda, Docs, Sheets, Slides, NotebookLM, AppSheet ",complete,
Google Workspace Business Standard,,https://manystacks.s3.eu-west-3.amazonaws.com/Produits/Images/gws-logo.png,google,GoogleWorkspace-isvfr,Google-Workspace-Business-St-n49,GWS-Bus-Standard---Annual-Mon-n8,1010020028,Mensuel,Annuel,"Gmail, Gemini, Meet, Drive, Chat, Agenda, Docs, Sheets, Slides, NotebookLM, AppSheet ",complete,
Google Workspace Business Standard,,https://manystacks.s3.eu-west-3.amazonaws.com/Produits/Images/gws-logo.png,google,GoogleWorkspace-isvfr,Google-Workspace-Business-St-n49,GWS-Bus-Standard---36-months--n8,1010020028,Mensuel,36 mois,"Gmail, Gemini, Meet, Drive, Chat, Agenda, Docs, Sheets, Slides, NotebookLM, AppSheet ",complete,
Google Workspace Business Standard,,https://manystacks.s3.eu-west-3.amazonaws.com/Produits/Images/gws-logo.png,google,GoogleWorkspace-isvfr,Google-Workspace-Business-St-n49,GWS-Bus-Standard---24-months--n0,1010020028,Mensuel,24 mois,"Gmail, Gemini, Meet, Drive, Chat, Agenda, Docs, Sheets, Slides, NotebookLM, AppSheet ",complete,
Google Workspace Business Standard,,https://manystacks.s3.eu-west-3.amazonaws.com/Produits/Images/gws-logo.png,google,GoogleWorkspace-isvfr,Google-Workspace-Business-St-n49,GWS-Bus-Standard---36-months--n9,1010020028,Mensuel,36 mois,"Gmail, Gemini, Meet, Drive, Chat, Agenda, Docs, Sheets, Slides, NotebookLM, AppSheet ",complete,
Google Workspace Business Standard,,https://manystacks.s3.eu-west-3.amazonaws.com/Produits/Images/gws-logo.png,google,GoogleWorkspace-isvfr,Google-Workspace-Business-St-n49,GWS-Bus-Standard---Annual-Mon-n9,1010020028,Mensuel,Annuel,"Gmail, Gemini, Meet, Drive, Chat, Agenda, Docs, Sheets, Slides, NotebookLM, AppSheet ",complete,
Google Workspace Business Standard,,https://manystacks.s3.eu-west-3.amazonaws.com/Produits/Images/gws-logo.png,google,GoogleWorkspace-isvfr,Google-Workspace-Business-St-n49,GWS-Bus-Standard---Annual-Mo-n10,1010020028,Mensuel,Annuel,"Gmail, Gemini, Meet, Drive, Chat, Agenda, Docs, Sheets, Slides, NotebookLM, AppSheet ",complete,
Google Workspace Business Standard,,https://manystacks.s3.eu-west-3.amazonaws.com/Produits/Images/gws-logo.png,google,GoogleWorkspace-isvfr,Google-Workspace-Business-St-n49,GWS-Bus-Standard---Annual-Mo-n11,1010020028,Mensuel,Annuel,"Gmail, Gemini, Meet, Drive, Chat, Agenda, Docs, Sheets, Slides, NotebookLM, AppSheet ",complete,
Google Workspace Business Standard,,https://manystacks.s3.eu-west-3.amazonaws.com/Produits/Images/gws-logo.png,google,GoogleWorkspace-isvfr,Google-Workspace-Business-St-n49,GWS-Bus-Standard---Annual-Mo-n12,1010020028,Mensuel,Annuel,"Gmail, Gemini, Meet, Drive, Chat, Agenda, Docs, Sheets, Slides, NotebookLM, AppSheet ",complete,
Google Workspace Business Standard,,https://manystacks.s3.eu-west-3.amazonaws.com/Produits/Images/gws-logo.png,google,GoogleWorkspace-isvfr,Google-Workspace-Business-St-n49,GWS-Bus-Standard---Annual-Mo-n13,1010020028,Mensuel,Annuel,"Gmail, Gemini, Meet, Drive, Chat, Agenda, Docs, Sheets, Slides, NotebookLM, AppSheet ",complete,
Google Workspace Business Standard,,https://manystacks.s3.eu-west-3.amazonaws.com/Produits/Images/gws-logo.png,google,GoogleWorkspace-isvfr,Google-Workspace-Business-St-n49,GWS-Bus-Standard---Annual-Plan-M,1010020028,Mensuel,Annuel,"Gmail, Gemini, Meet, Drive, Chat, Agenda, Docs, Sheets, Slides, NotebookLM, AppSheet ",complete,
Google Workspace Business Standard,,https://manystacks.s3.eu-west-3.amazonaws.com/Produits/Images/gws-logo.png,google,GoogleWorkspace-isvfr,Google-Workspace-Business-St-n49,GWS-Bus-Standard-Archived-User--,1010020028,Mensuel,Mensuel,"Gmail, Gemini, Meet, Drive, Chat, Agenda, Docs, Sheets, Slides, NotebookLM, AppSheet ",complete,13.80
Google Workspace Business Standard,,https://manystacks.s3.eu-west-3.amazonaws.com/Produits/Images/gws-logo.png,google,GoogleWorkspace-isvfr,Google-Workspace-Business-St-n49,GWS-Bus-Standard---Flex-n1,1010020028,Mensuel,Mensuel,"Gmail, Gemini, Meet, Drive, Chat, Agenda, Docs, Sheets, Slides, NotebookLM, AppSheet ",complete,13.80
Google Workspace Business Standard,,https://manystacks.s3.eu-west-3.amazonaws.com/Produits/Images/gws-logo.png,google,GoogleWorkspace-isvfr,Google-Workspace-Business-St-n49,GWS-Bus-Standard-36-MonthMonthly,1010020028,Mensuel,36 mois,"Gmail, Gemini, Meet, Drive, Chat, Agenda, Docs, Sheets, Slides, NotebookLM, AppSheet ",complete,
Google Workspace Business Standard,,https://manystacks.s3.eu-west-3.amazonaws.com/Produits/Images/gws-logo.png,google,GoogleWorkspace-isvfr,Google-Workspace-Business-St-n49,GWS-Bus-Standard---Annual-Mo-n14,1010020028,Mensuel,Annuel,"Gmail, Gemini, Meet, Drive, Chat, Agenda, Docs, Sheets, Slides, NotebookLM, AppSheet ",complete,
Google Workspace Business Standard,,https://manystacks.s3.eu-west-3.amazonaws.com/Produits/Images/gws-logo.png,google,GoogleWorkspace-isvfr,Google-Workspace-Business-St-n49,GWS-Bus-Standard---36-Month-Mont,1010020028,Mensuel,36 mois,"Gmail, Gemini, Meet, Drive, Chat, Agenda, Docs, Sheets, Slides, NotebookLM, AppSheet ",complete,
Google Workspace Business Standard,,https://manystacks.s3.eu-west-3.amazonaws.com/Produits/Images/gws-logo.png,google,GoogleWorkspace-isvfr,Google-Workspace-Business-St-n49,GWS-Bus-Standard---36-months-n10,1010020028,Mensuel,36 mois,"Gmail, Gemini, Meet, Drive, Chat, Agenda, Docs, Sheets, Slides, NotebookLM, AppSheet ",complete,
Google Workspace Business Standard,,https://manystacks.s3.eu-west-3.amazonaws.com/Produits/Images/gws-logo.png,google,GoogleWorkspace-isvfr,GWS-Bus-Standard-Yearly---RABF,GWS-Bus-Standard---Annual-Yearly,1010020028,Annuel,Annuel,"Gmail, Gemini, Meet, Drive, Chat, Agenda, Docs, Sheets, Slides, NotebookLM, AppSheet ",complete,138.00
Google Workspace Business Standard,,https://manystacks.s3.eu-west-3.amazonaws.com/Produits/Images/gws-logo.png,google,GoogleWorkspace-isvfr,GWS-Bus-Standard-Monthly-n0,GWS-Bus-Standard-Trial-Plan,1010020028,Mensuel,Mensuel,"Gmail, Gemini, Meet, Drive, Chat, Agenda, Docs, Sheets, Slides, NotebookLM, AppSheet ",complete,13.80
Google Workspace Business Standard,,https://manystacks.s3.eu-west-3.amazonaws.com/Produits/Images/gws-logo.png,google,GoogleWorkspace-isvfr,GWS-Bus-Standard-Monthly-n0,GWS-Bus-Standard-Flexible-Plan,1010020028,Mensuel,Mensuel,"Gmail, Gemini, Meet, Drive, Chat, Agenda, Docs, Sheets, Slides, NotebookLM, AppSheet ",complete,13.80
Google Workspace Business Standard,,https://manystacks.s3.eu-west-3.amazonaws.com/Produits/Images/gws-logo.png,google,GoogleWorkspace-isvfr,GWS-Bus-Standard-Monthly-n0,GWS-Bus-Standard-Annual-Month-n2,1010020028,Mensuel,Annuel,"Gmail, Gemini, Meet, Drive, Chat, Agenda, Docs, Sheets, Slides, NotebookLM, AppSheet ",complete,
Google Workspace Business Standard,,https://manystacks.s3.eu-west-3.amazonaws.com/Produits/Images/gws-logo.png,google,GoogleWorkspace-isvfr,GWS-Bus-Standard-Yearly,GWS-Bus-Standard-Annual-Yearl-n1,1010020028,Annuel,Annuel,"Gmail, Gemini, Meet, Drive, Chat, Agenda, Docs, Sheets, Slides, NotebookLM, AppSheet ",complete,138.00
Google Workspace Business Standard,,https://manystacks.s3.eu-west-3.amazonaws.com/Produits/Images/gws-logo.png,google,GoogleWorkspace-isvfr,Bus-Standard-Monthly,Bus-Standard-Annual-Monthly-n5,1010020028,Mensuel,Mensuel,"Gmail, Gemini, Meet, Drive, Chat, Agenda, Docs, Sheets, Slides, NotebookLM, AppSheet ",complete,13.80
Google Workspace Business Standard,,https://manystacks.s3.eu-west-3.amazonaws.com/Produits/Images/gws-logo.png,google,GoogleWorkspace-isvfr,Bus-Standard-Monthly,Bus-Standard-36Mnth-fixed-Mon-n0,1010020028,Mensuel,Mensuel,"Gmail, Gemini, Meet, Drive, Chat, Agenda, Docs, Sheets, Slides, NotebookLM, AppSheet ",complete,13.80
Google Workspace Business Plus,,https://manystacks.s3.eu-west-3.amazonaws.com/Produits/Images/gws-logo.png,google,GoogleWorkspace-isvfr,Bus-Plus-Monthly,Bus-Plus-FlexAutorenew,1010020025,Mensuel,Mensuel,"Gmail, Gemini, Meet, Drive, Chat, Agenda, Docs, Sheets, Slides, NotebookLM, AppSheet ",complete,20.70
Google Workspace Business Plus,,https://manystacks.s3.eu-west-3.amazonaws.com/Produits/Images/gws-logo.png,google,GoogleWorkspace-isvfr,Bus-Plus-Monthly,Bus-Plus-Anual-monthlyTransfer,1010020025,Mensuel,Annuel,"Gmail, Gemini, Meet, Drive, Chat, Agenda, Docs, Sheets, Slides, NotebookLM, AppSheet ",complete,
Google Workspace Business Plus,,https://manystacks.s3.eu-west-3.amazonaws.com/Produits/Images/gws-logo.png,google,GoogleWorkspace-isvfr,Bus-Plus-Monthly,Bus-Plus-Anual-monthlyAutorenew,1010020025,Mensuel,Annuel,"Gmail, Gemini, Meet, Drive, Chat, Agenda, Docs, Sheets, Slides, NotebookLM, AppSheet ",complete,
Google Workspace Business Plus,,https://manystacks.s3.eu-west-3.amazonaws.com/Produits/Images/gws-logo.png,google,GoogleWorkspace-isvfr,Bus-Plus-Monthly,Bus-Plus-Anual-monthlyAutoren-n0,1010020025,Mensuel,Annuel,"Gmail, Gemini, Meet, Drive, Chat, Agenda, Docs, Sheets, Slides, NotebookLM, AppSheet ",complete,
Google Workspace Business Plus,,https://manystacks.s3.eu-west-3.amazonaws.com/Produits/Images/gws-logo.png,google,GoogleWorkspace-isvfr,Bus-Plus-Monthly,Bus-Plus-Flex,1010020025,Mensuel,Mensuel,"Gmail, Gemini, Meet, Drive, Chat, Agenda, Docs, Sheets, Slides, NotebookLM, AppSheet ",complete,20.70
Google Workspace Business Plus,,https://manystacks.s3.eu-west-3.amazonaws.com/Produits/Images/gws-logo.png,google,GoogleWorkspace-isvfr,Bus-Plus-Monthly,Bus-Plus-36Mnth,1010020025,Mensuel,36 mois,"Gmail, Gemini, Meet, Drive, Chat, Agenda, Docs, Sheets, Slides, NotebookLM, AppSheet ",complete,
Google Workspace Business Plus,,https://manystacks.s3.eu-west-3.amazonaws.com/Produits/Images/gws-logo.png,google,GoogleWorkspace-isvfr,Bus-Plus-Monthly,Bus-Plus-Annual-Monthly,1010020025,Mensuel,Annuel,"Gmail, Gemini, Meet, Drive, Chat, Agenda, Docs, Sheets, Slides, NotebookLM, AppSheet ",complete,
Google Workspace Business Plus,,https://manystacks.s3.eu-west-3.amazonaws.com/Produits/Images/gws-logo.png,google,GoogleWorkspace-isvfr,Bus-Plus-Monthly,Bus-Plus-Arch-User-Annual-Monthl,1010020025,Mensuel,Annuel,"Gmail, Gemini, Meet, Drive, Chat, Agenda, Docs, Sheets, Slides, NotebookLM, AppSheet ",complete,
Google Workspace Business Plus,,https://manystacks.s3.eu-west-3.amazonaws.com/Produits/Images/gws-logo.png,google,GoogleWorkspace-isvfr,GWS-Bus-Plus---Monthly--RABF,GWS-Bus-Plus---Annual-Monthly,1010020025,Mensuel,Annuel,"Gmail, Gemini, Meet, Drive, Chat, Agenda, Docs, Sheets, Slides, NotebookLM, AppSheet ",complete,
Google Workspace Business Plus,,https://manystacks.s3.eu-west-3.amazonaws.com/Produits/Images/gws-logo.png,google,GoogleWorkspace-isvfr,GWS-Bus-Plus---Monthly--RABF,GWS-Bus-Plus---Annual-Monthly-n0,1010020025,Mensuel,Annuel,"Gmail, Gemini, Meet, Drive, Chat, Agenda, Docs, Sheets, Slides, NotebookLM, AppSheet ",complete,
Google Workspace Business Plus,,https://manystacks.s3.eu-west-3.amazonaws.com/Produits/Images/gws-logo.png,google,GoogleWorkspace-isvfr,GWS-Bus-Plus-Monthly---RABF,GWS-Bus-Plus-Annual---Monthly,1010020025,Mensuel,Annuel,"Gmail, Gemini, Meet, Drive, Chat, Agenda, Docs, Sheets, Slides, NotebookLM, AppSheet ",complete,
Google Workspace Business Plus,,https://manystacks.s3.eu-west-3.amazonaws.com/Produits/Images/gws-logo.png,google,GoogleWorkspace-isvfr,GWS-Bus-Plus-Monthly---RABF,GWS-Bus-Plus-Annual---Monthly-n0,1010020025,Mensuel,Annuel,"Gmail, Gemini, Meet, Drive, Chat, Agenda, Docs, Sheets, Slides, NotebookLM, AppSheet ",complete,
Google Workspace Business Plus,,https://manystacks.s3.eu-west-3.amazonaws.com/Produits/Images/gws-logo.png,google,GoogleWorkspace-isvfr,GWS-Bus-Plus-Monthly---RABF,GWS-Bus-Plus-Annual---Monthly-n1,1010020025,Mensuel,Annuel,"Gmail, Gemini, Meet, Drive, Chat, Agenda, Docs, Sheets, Slides, NotebookLM, AppSheet ",complete,
Google Workspace Business Plus,,https://manystacks.s3.eu-west-3.amazonaws.com/Produits/Images/gws-logo.png,google,GoogleWorkspace-isvfr,GWS-Bus-Plus-Monthly---RABF,GWS-Bus-Plus-Annual---Monthly-n2,1010020025,Mensuel,Annuel,"Gmail, Gemini, Meet, Drive, Chat, Agenda, Docs, Sheets, Slides, NotebookLM, AppSheet ",complete,
Google Workspace Business Plus,,https://manystacks.s3.eu-west-3.amazonaws.com/Produits/Images/gws-logo.png,google,GoogleWorkspace-isvfr,GWS-Bus-Plus-Monthly---RABF,GWS-Bus-Plus-Annual---Monthly-n3,1010020025,Mensuel,Annuel,"Gmail, Gemini, Meet, Drive, Chat, Agenda, Docs, Sheets, Slides, NotebookLM, AppSheet ",complete,
Google Workspace Business Plus,,https://manystacks.s3.eu-west-3.amazonaws.com/Produits/Images/gws-logo.png,google,GoogleWorkspace-isvfr,GWS-Bus-Plus-Monthly---RABF,GWS-Bus-Plus---Flexible-Plan,1010020025,Mensuel,Mensuel,"Gmail, Gemini, Meet, Drive, Chat, Agenda, Docs, Sheets, Slides, NotebookLM, AppSheet ",complete,20.70
Google Workspace Business Plus,,https://manystacks.s3.eu-west-3.amazonaws.com/Produits/Images/gws-logo.png,google,GoogleWorkspace-isvfr,GWS-Bus-Plus-Monthly---RABF,GWS-Bus-Plus-Annual---Monthly-n4,1010020025,Mensuel,Annuel,"Gmail, Gemini, Meet, Drive, Chat, Agenda, Docs, Sheets, Slides, NotebookLM, AppSheet ",complete,
Google Workspace Business Plus,,https://manystacks.s3.eu-west-3.amazonaws.com/Produits/Images/gws-logo.png,google,GoogleWorkspace-isvfr,GWS-Bus-Plus-Yearly---RABF,GWS-Bus-Plus---Annual-Yearly,1010020025,Annuel,Annuel,"Gmail, Gemini, Meet, Drive, Chat, Agenda, Docs, Sheets, Slides, NotebookLM, AppSheet ",complete,207.00
Google Workspace Business Plus,,https://manystacks.s3.eu-west-3.amazonaws.com/Produits/Images/gws-logo.png,google,GoogleWorkspace-isvfr,GWS-Bus-Plus-Yearly---RABF,GWS-Bus-Plus---Annual-Yearly-n0,1010020025,Annuel,Annuel,"Gmail, Gemini, Meet, Drive, Chat, Agenda, Docs, Sheets, Slides, NotebookLM, AppSheet ",complete,207.00
Google Workspace Business Plus,,https://manystacks.s3.eu-west-3.amazonaws.com/Produits/Images/gws-logo.png,google,GoogleWorkspace-isvfr,GWS-Bus-Plus-Monthly,GWS-Bus-Plus-Flex,1010020025,Mensuel,Mensuel,"Gmail, Gemini, Meet, Drive, Chat, Agenda, Docs, Sheets, Slides, NotebookLM, AppSheet ",complete,20.70
Google Workspace Business Plus,,https://manystacks.s3.eu-west-3.amazonaws.com/Produits/Images/gws-logo.png,google,GoogleWorkspace-isvfr,GWS-Bus-Plus-Monthly,GWS-Bus-Plus-Annual-Monthly-Pyt,1010020025,Mensuel,Annuel,"Gmail, Gemini, Meet, Drive, Chat, Agenda, Docs, Sheets, Slides, NotebookLM, AppSheet ",complete,
Google Workspace Business Plus,,https://manystacks.s3.eu-west-3.amazonaws.com/Produits/Images/gws-logo.png,google,GoogleWorkspace-isvfr,GWS-Bus-Plus-Monthly,GWS-Bus-Plus-Trial-Plan,1010020025,Mensuel,Mensuel,"Gmail, Gemini, Meet, Drive, Chat, Agenda, Docs, Sheets, Slides, NotebookLM, AppSheet ",complete,20.70
Google Workspace Business Plus,,https://manystacks.s3.eu-west-3.amazonaws.com/Produits/Images/gws-logo.png,google,GoogleWorkspace-isvfr,GWS-Bus-Plus-Yearly,GWS-Bus-Plus-Annual-Yearly-Pyt,1010020025,Annuel,Annuel,"Gmail, Gemini, Meet, Drive, Chat, Agenda, Docs, Sheets, Slides, NotebookLM, AppSheet ",complete,207.00
Google Workspace Business Plus,,https://manystacks.s3.eu-west-3.amazonaws.com/Produits/Images/gws-logo.png,google,GoogleWorkspace-isvfr,Bus-Plus-Offline,Bus-Plus-Arch-User---Offline,1010020025,Mensuel,Mensuel,"Gmail, Gemini, Meet, Drive, Chat, Agenda, Docs, Sheets, Slides, NotebookLM, AppSheet ",complete,20.70
Google Workspace Entreprise Essentials,,https://manystacks.s3.eu-west-3.amazonaws.com/Produits/Images/gws-logo.png,google,GoogleWorkspaceEnt-isvfr,GWS-Ent-Essentials-Monthly,GWS-Ent-Essentials-Annual-Monthl,1010060003,Mensuel,Annuel,"Gmail, Gemini, Meet, Drive, Chat, Agenda, Docs, Sheets, Slides, NotebookLM, AppSheet ",complete,
Google Workspace Entreprise Essentials,,https://manystacks.s3.eu-west-3.amazonaws.com/Produits/Images/gws-logo.png,google,GoogleWorkspaceEnt-isvfr,GWS-Ent-Essentials-Monthly,GWS-Ent-Essentials-Trial-Plan,1010060003,Mensuel,Mensuel,"Gmail, Gemini, Meet, Drive, Chat, Agenda, Docs, Sheets, Slides, NotebookLM, AppSheet ",complete,11.52
Google Workspace Entreprise Essentials,,https://manystacks.s3.eu-west-3.amazonaws.com/Produits/Images/gws-logo.png,google,GoogleWorkspaceEnt-isvfr,GWS-Ent-Essentials-Monthly,GWS-Ent-Essentials-Flexible-Plan,1010060003,Mensuel,Mensuel,"Gmail, Gemini, Meet, Drive, Chat, Agenda, Docs, Sheets, Slides, NotebookLM, AppSheet ",complete,11.52
Google Workspace Entreprise Essentials,,https://manystacks.s3.eu-west-3.amazonaws.com/Produits/Images/gws-logo.png,google,GoogleWorkspaceEnt-isvfr,GWS-Ent-Essentials-Monthly---RAB,GWS-Ent-Essentials-Annual-Mon-n0,1010060003,Mensuel,Annuel,"Gmail, Gemini, Meet, Drive, Chat, Agenda, Docs, Sheets, Slides, NotebookLM, AppSheet ",complete,
Google Workspace Entreprise Essentials Plus,,https://manystacks.s3.eu-west-3.amazonaws.com/Produits/Images/gws-logo.png,google,GoogleWorkspaceEnt-isvfr,GWS-Ent-Essentials-Plus-Monthly,GWS-Ent-Essentials-Plus-Flexible,1010060005,Mensuel,Mensuel,"Gmail, Gemini, Meet, Drive, Chat, Agenda, Docs, Sheets, Slides, NotebookLM, AppSheet ",complete,23.04
Google Workspace Entreprise Essentials Plus,,https://manystacks.s3.eu-west-3.amazonaws.com/Produits/Images/gws-logo.png,google,GoogleWorkspaceEnt-isvfr,GWS-Ent-Essentials-Plus-Monthly,GWS-Ent-Essentials-Plus-Annua-n0,1010060005,Mensuel,Annuel,"Gmail, Gemini, Meet, Drive, Chat, Agenda, Docs, Sheets, Slides, NotebookLM, AppSheet ",complete,
Google Workspace Entreprise Essentials Plus,,https://manystacks.s3.eu-west-3.amazonaws.com/Produits/Images/gws-logo.png,google,GoogleWorkspaceEnt-isvfr,GWS-Ent-Essentials-Plus-Yearly,GWS-Ent-Essentials-Plus-Annua-n1,1010060005,Annuel,Annuel,"Gmail, Gemini, Meet, Drive, Chat, Agenda, Docs, Sheets, Slides, NotebookLM, AppSheet ",complete,234.00
Google Workspace Entreprise Starter,,https://manystacks.s3.eu-west-3.amazonaws.com/Produits/Images/gws-logo.png,google,GoogleWorkspaceEnt-isvfr,GWS-Ent-Starter-Monthly,GWS-Ent-Starter-Flex,1010020029,Mensuel,Mensuel,"Gmail, Gemini, Meet, Drive, Chat, Agenda, Docs, Sheets, Slides, NotebookLM, AppSheet ",complete,11.52
Google Workspace Entreprise Starter,,https://manystacks.s3.eu-west-3.amazonaws.com/Produits/Images/gws-logo.png,google,GoogleWorkspaceEnt-isvfr,GWS-Ent-Starter-Monthly,GWS-Ent-Starter-Annual-Monthly-P,1010020029,Mensuel,Annuel,"Gmail, Gemini, Meet, Drive, Chat, Agenda, Docs, Sheets, Slides, NotebookLM, AppSheet ",complete,
Google Workspace Entreprise Starter,,https://manystacks.s3.eu-west-3.amazonaws.com/Produits/Images/gws-logo.png,google,GoogleWorkspaceEnt-isvfr,GWS-Ent-Starter-Yearly,GWS-Ent-Starter-Annual-Yearly-Py,1010020029,Annuel,Annuel,"Gmail, Gemini, Meet, Drive, Chat, Agenda, Docs, Sheets, Slides, NotebookLM, AppSheet ",complete,115.20
Google Workspace Entreprise Starter,,https://manystacks.s3.eu-west-3.amazonaws.com/Produits/Images/gws-logo.png,google,GoogleWorkspaceEnt-isvfr,GWS-Ent-Starter-Monthly-RABF,GWS-Ent-Starter---36Mnth-Monthly,1010020029,Mensuel,36 mois,"Gmail, Gemini, Meet, Drive, Chat, Agenda, Docs, Sheets, Slides, NotebookLM, AppSheet ",complete,
Google Workspace Entreprise Starter,,https://manystacks.s3.eu-west-3.amazonaws.com/Produits/Images/gws-logo.png,google,GoogleWorkspaceEnt-isvfr,Google-Workspace-Enterprise--n32,Google-Workspace-Enterprise--n33,1010020029,Mensuel,Mensuel,"Gmail, Gemini, Meet, Drive, Chat, Agenda, Docs, Sheets, Slides, NotebookLM, AppSheet ",complete,11.52
Google Workspace Entreprise Standard,,https://manystacks.s3.eu-west-3.amazonaws.com/Produits/Images/gws-logo.png,google,GoogleWorkspaceEnt-isvfr,GWS-Ent-Standard-Monthly,GWS-Ent-Standard-Flex,1010020026,Mensuel,Mensuel,"Gmail, Gemini, Meet, Drive, Chat, Agenda, Docs, Sheets, Slides, NotebookLM, AppSheet ",complete,26.64
Google Workspace Entreprise Standard,,https://manystacks.s3.eu-west-3.amazonaws.com/Produits/Images/gws-logo.png,google,GoogleWorkspaceEnt-isvfr,GWS-Ent-Standard-Monthly,GWS-Ent-Standard-Annual-Monthly-,1010020026,Mensuel,Annuel,"Gmail, Gemini, Meet, Drive, Chat, Agenda, Docs, Sheets, Slides, NotebookLM, AppSheet ",complete,
Google Workspace Entreprise Standard,,https://manystacks.s3.eu-west-3.amazonaws.com/Produits/Images/gws-logo.png,google,GoogleWorkspaceEnt-isvfr,GWS-Ent-Standard-Monthly,GWS-Ent-Standard-Trial-Plan,1010020026,Mensuel,Mensuel,"Gmail, Gemini, Meet, Drive, Chat, Agenda, Docs, Sheets, Slides, NotebookLM, AppSheet ",complete,26.64
Google Workspace Entreprise Standard,,https://manystacks.s3.eu-west-3.amazonaws.com/Produits/Images/gws-logo.png,google,GoogleWorkspaceEnt-isvfr,GWS-Ent-Standard-Yearly,GWS-Ent-Standard-Annual-Yearly-P,1010020026,Annuel,Annuel,"Gmail, Gemini, Meet, Drive, Chat, Agenda, Docs, Sheets, Slides, NotebookLM, AppSheet ",complete,266.40
Google Workspace Entreprise Standard,,https://manystacks.s3.eu-west-3.amazonaws.com/Produits/Images/gws-logo.png,google,GoogleWorkspaceEnt-isvfr,Ent-Standard-Monthly,Ent-Standard-FlexAutorenew,1010020026,Mensuel,Mensuel,"Gmail, Gemini, Meet, Drive, Chat, Agenda, Docs, Sheets, Slides, NotebookLM, AppSheet ",complete,26.64
Google Workspace Entreprise Standard,,https://manystacks.s3.eu-west-3.amazonaws.com/Produits/Images/gws-logo.png,google,GoogleWorkspaceEnt-isvfr,Ent-Standard-Monthly,Ent-Standard-FlexTransfer,1010020026,Mensuel,Mensuel,"Gmail, Gemini, Meet, Drive, Chat, Agenda, Docs, Sheets, Slides, NotebookLM, AppSheet ",complete,26.64
Google Workspace Entreprise Standard,,https://manystacks.s3.eu-west-3.amazonaws.com/Produits/Images/gws-logo.png,google,GoogleWorkspaceEnt-isvfr,Ent-Standard-Monthly,Ent-Standard-36Mnth,1010020026,Mensuel,36 mois,"Gmail, Gemini, Meet, Drive, Chat, Agenda, Docs, Sheets, Slides, NotebookLM, AppSheet ",complete,
Google Workspace Entreprise Standard,,https://manystacks.s3.eu-west-3.amazonaws.com/Produits/Images/gws-logo.png,google,GoogleWorkspaceEnt-isvfr,Ent-Standard-Monthly,Ent-Standard-36Mnth-n0,1010020026,Mensuel,36 mois,"Gmail, Gemini, Meet, Drive, Chat, Agenda, Docs, Sheets, Slides, NotebookLM, AppSheet ",complete,
Google Workspace Entreprise Standard,,https://manystacks.s3.eu-west-3.amazonaws.com/Produits/Images/gws-logo.png,google,GoogleWorkspaceEnt-isvfr,Ent-Standard-Monthly,Ent-Standard-36Mnth-n1,1010020026,Mensuel,36 mois,"Gmail, Gemini, Meet, Drive, Chat, Agenda, Docs, Sheets, Slides, NotebookLM, AppSheet ",complete,
Google Workspace Entreprise Standard,,https://manystacks.s3.eu-west-3.amazonaws.com/Produits/Images/gws-logo.png,google,GoogleWorkspaceEnt-isvfr,Ent-Standard-Monthly,Ent-Standard-36Mnth-n2,1010020026,Mensuel,36 mois,"Gmail, Gemini, Meet, Drive, Chat, Agenda, Docs, Sheets, Slides, NotebookLM, AppSheet ",complete,
Google Workspace Entreprise Standard,,https://manystacks.s3.eu-west-3.amazonaws.com/Produits/Images/gws-logo.png,google,GoogleWorkspaceEnt-isvfr,Ent-Standard-Monthly,Ent-Standard-36Mnth-n3,1010020026,Mensuel,36 mois,"Gmail, Gemini, Meet, Drive, Chat, Agenda, Docs, Sheets, Slides, NotebookLM, AppSheet ",complete,
Google Workspace Entreprise Standard,,https://manystacks.s3.eu-west-3.amazonaws.com/Produits/Images/gws-logo.png,google,GoogleWorkspaceEnt-isvfr,Ent-Standard-Monthly,Ent-Standard-36Mnth-n4,1010020026,Mensuel,36 mois,"Gmail, Gemini, Meet, Drive, Chat, Agenda, Docs, Sheets, Slides, NotebookLM, AppSheet ",complete,
Google Workspace Entreprise Standard,,https://manystacks.s3.eu-west-3.amazonaws.com/Produits/Images/gws-logo.png,google,GoogleWorkspaceEnt-isvfr,Ent-Standard-Monthly,Ent-Standard-Flex,1010020026,Mensuel,Mensuel,"Gmail, Gemini, Meet, Drive, Chat, Agenda, Docs, Sheets, Slides, NotebookLM, AppSheet ",complete,26.64
Google Workspace Entreprise Standard,,https://manystacks.s3.eu-west-3.amazonaws.com/Produits/Images/gws-logo.png,google,GoogleWorkspaceEnt-isvfr,Ent-Standard-Monthly,Ent-Standard-36Mnth-n5,1010020026,Mensuel,36 mois,"Gmail, Gemini, Meet, Drive, Chat, Agenda, Docs, Sheets, Slides, NotebookLM, AppSheet ",complete,
Google Workspace Entreprise Standard,,https://manystacks.s3.eu-west-3.amazonaws.com/Produits/Images/gws-logo.png,google,GoogleWorkspaceEnt-isvfr,Ent-Standard-Monthly,Ent-Standard-36Mnth-n6,1010020026,Mensuel,36 mois,"Gmail, Gemini, Meet, Drive, Chat, Agenda, Docs, Sheets, Slides, NotebookLM, AppSheet ",complete,
Google Workspace Entreprise Standard,,https://manystacks.s3.eu-west-3.amazonaws.com/Produits/Images/gws-logo.png,google,GoogleWorkspaceEnt-isvfr,Ent-Standard-Monthly,Ent-Standard-Flex-n0,1010020026,Mensuel,Mensuel,"Gmail, Gemini, Meet, Drive, Chat, Agenda, Docs, Sheets, Slides, NotebookLM, AppSheet ",complete,26.64
Google Workspace Entreprise Standard,,https://manystacks.s3.eu-west-3.amazonaws.com/Produits/Images/gws-logo.png,google,GoogleWorkspaceEnt-isvfr,Ent-Standard-Monthly,Ent-Standard-36Mnth-n7,1010020026,Mensuel,36 mois,"Gmail, Gemini, Meet, Drive, Chat, Agenda, Docs, Sheets, Slides, NotebookLM, AppSheet ",complete,
Google Workspace Entreprise Standard,,https://manystacks.s3.eu-west-3.amazonaws.com/Produits/Images/gws-logo.png,google,GoogleWorkspaceEnt-isvfr,Ent-Standard-Monthly,Ent-Standard-Annual-Monthly,1010020026,Mensuel,Annuel,"Gmail, Gemini, Meet, Drive, Chat, Agenda, Docs, Sheets, Slides, NotebookLM, AppSheet ",complete,
Google Workspace Entreprise Standard,,https://manystacks.s3.eu-west-3.amazonaws.com/Produits/Images/gws-logo.png,google,GoogleWorkspaceEnt-isvfr,Ent-Standard-Monthly,Ent-Standard-Offline,1010020026,Mensuel,Mensuel,"Gmail, Gemini, Meet, Drive, Chat, Agenda, Docs, Sheets, Slides, NotebookLM, AppSheet ",complete,26.64
Google Workspace Entreprise Standard,,https://manystacks.s3.eu-west-3.amazonaws.com/Produits/Images/gws-logo.png,google,GoogleWorkspaceEnt-isvfr,Ent-Standard-Monthly,Ent-Standard-Flex-n1,1010020026,Mensuel,Mensuel,"Gmail, Gemini, Meet, Drive, Chat, Agenda, Docs, Sheets, Slides, NotebookLM, AppSheet ",complete,26.64
Google Workspace Entreprise Standard,,https://manystacks.s3.eu-west-3.amazonaws.com/Produits/Images/gws-logo.png,google,GoogleWorkspaceEnt-isvfr,Ent-Standard-Yearly,Ent-Standard-Anual-yearlyAutoren,1010020026,Annuel,Annuel,"Gmail, Gemini, Meet, Drive, Chat, Agenda, Docs, Sheets, Slides, NotebookLM, AppSheet ",complete,266.40
Google Workspace Entreprise Standard,,https://manystacks.s3.eu-west-3.amazonaws.com/Produits/Images/gws-logo.png,google,GoogleWorkspaceEnt-isvfr,Ent-Standard-Yearly,GWS-Ent-Standard---Annual-Yearly,1010020026,Annuel,Annuel,"Gmail, Gemini, Meet, Drive, Chat, Agenda, Docs, Sheets, Slides, NotebookLM, AppSheet ",complete,266.40
Google Workspace Entreprise Standard,,https://manystacks.s3.eu-west-3.amazonaws.com/Produits/Images/gws-logo.png,google,GoogleWorkspaceEnt-isvfr,GWS-Ent-Standard-Monthly---RABF,GWS-Ent-Standard---Annual-Monthl,1010020026,Mensuel,Annuel,"Gmail, Gemini, Meet, Drive, Chat, Agenda, Docs, Sheets, Slides, NotebookLM, AppSheet ",complete,
Google Workspace Entreprise Standard,,https://manystacks.s3.eu-west-3.amazonaws.com/Produits/Images/gws-logo.png,google,GoogleWorkspaceEnt-isvfr,GWS-Ent-Standard-Monthly---RABF,GWS-Ent-Standard---Annual-Mon-n0,1010020026,Mensuel,Annuel,"Gmail, Gemini, Meet, Drive, Chat, Agenda, Docs, Sheets, Slides, NotebookLM, AppSheet ",complete,
Google Workspace Entreprise Standard,,https://manystacks.s3.eu-west-3.amazonaws.com/Produits/Images/gws-logo.png,google,GoogleWorkspaceEnt-isvfr,GWS-Ent-Standard-Monthly---RABF,GWS-Ent-Standard---24-months-fix,1010020026,Mensuel,24 mois,"Gmail, Gemini, Meet, Drive, Chat, Agenda, Docs, Sheets, Slides, NotebookLM, AppSheet ",complete,
Google Workspace Entreprise Standard,,https://manystacks.s3.eu-west-3.amazonaws.com/Produits/Images/gws-logo.png,google,GoogleWorkspaceEnt-isvfr,GWS-Ent-Standard-Monthly---RABF,GWS-Ent-Standard---Flexible-Plan,1010020026,Mensuel,Mensuel,"Gmail, Gemini, Meet, Drive, Chat, Agenda, Docs, Sheets, Slides, NotebookLM, AppSheet ",complete,26.64
Google Workspace Entreprise Standard,,https://manystacks.s3.eu-west-3.amazonaws.com/Produits/Images/gws-logo.png,google,GoogleWorkspaceEnt-isvfr,GWS-Ent-Standard-Monthly---RABF,GWS-Ent-Standard---36-months-fix,1010020026,Mensuel,36 mois,"Gmail, Gemini, Meet, Drive, Chat, Agenda, Docs, Sheets, Slides, NotebookLM, AppSheet ",complete,
Google Workspace Entreprise Standard,,https://manystacks.s3.eu-west-3.amazonaws.com/Produits/Images/gws-logo.png,google,GoogleWorkspaceEnt-isvfr,GWS-Ent-Standard-Monthly---RABF,GWS-Ent-Standard---36-months--n0,1010020026,Mensuel,36 mois,"Gmail, Gemini, Meet, Drive, Chat, Agenda, Docs, Sheets, Slides, NotebookLM, AppSheet ",complete,
Google Workspace Entreprise Standard,,https://manystacks.s3.eu-west-3.amazonaws.com/Produits/Images/gws-logo.png,google,GoogleWorkspaceEnt-isvfr,GWS-Ent-Standard-Monthly---RABF,GWS-Ent-Standard---Annual-Mon-n1,1010020026,Mensuel,Annuel,"Gmail, Gemini, Meet, Drive, Chat, Agenda, Docs, Sheets, Slides, NotebookLM, AppSheet ",complete,
Google Workspace Entreprise Standard,,https://manystacks.s3.eu-west-3.amazonaws.com/Produits/Images/gws-logo.png,google,GoogleWorkspaceEnt-isvfr,GWS-Ent-Standard-Monthly---RABF,GWS-Ent-Standard---Annual-Mon-n2,1010020026,Mensuel,Annuel,"Gmail, Gemini, Meet, Drive, Chat, Agenda, Docs, Sheets, Slides, NotebookLM, AppSheet ",complete,
Google Workspace Entreprise Standard,,https://manystacks.s3.eu-west-3.amazonaws.com/Produits/Images/gws-logo.png,google,GoogleWorkspaceEnt-isvfr,GWS-Ent-Standard-Monthly---RABF,GWS-Ent-Standard---Annual-Mon-n3,1010020026,Mensuel,Annuel,"Gmail, Gemini, Meet, Drive, Chat, Agenda, Docs, Sheets, Slides, NotebookLM, AppSheet ",complete,
Google Workspace Entreprise Standard,,https://manystacks.s3.eu-west-3.amazonaws.com/Produits/Images/gws-logo.png,google,GoogleWorkspaceEnt-isvfr,GWS-Ent-Standard-Monthly---RABF,GWS-Ent-Standard-36-MonthMonthly,1010020026,Mensuel,36 mois,"Gmail, Gemini, Meet, Drive, Chat, Agenda, Docs, Sheets, Slides, NotebookLM, AppSheet ",complete,
Google Workspace Entreprise Standard,,https://manystacks.s3.eu-west-3.amazonaws.com/Produits/Images/gws-logo.png,google,GoogleWorkspaceEnt-isvfr,GWS-Ent-Standard-Monthly---RABF,GWS-Enterprise-Standard---36--n5,1010020026,Mensuel,36 mois,"Gmail, Gemini, Meet, Drive, Chat, Agenda, Docs, Sheets, Slides, NotebookLM, AppSheet ",complete,
Google Workspace Entreprise Standard,,https://manystacks.s3.eu-west-3.amazonaws.com/Produits/Images/gws-logo.png,google,GoogleWorkspaceEnt-isvfr,Ent-Standard-Monthly,Ent-Standard-36Mnth-fixed-Monthl,1010020026,Mensuel,Mensuel,"Gmail, Gemini, Meet, Drive, Chat, Agenda, Docs, Sheets, Slides, NotebookLM, AppSheet ",complete,26.64
Google Workspace Entreprise Plus,,https://manystacks.s3.eu-west-3.amazonaws.com/Produits/Images/gws-logo.png,google,GoogleWorkspaceEnt-isvfr,GWS-Ent-Plus-Monthly,GWS-Ent-Plus-Flex,1010020020,Mensuel,Mensuel,"Gmail, Gemini, Meet, Drive, Chat, Agenda, Docs, Sheets, Slides, NotebookLM, AppSheet ",complete,34.63
Google Workspace Entreprise Plus,,https://manystacks.s3.eu-west-3.amazonaws.com/Produits/Images/gws-logo.png,google,GoogleWorkspaceEnt-isvfr,GWS-Ent-Plus-Monthly,GWS-Ent-Plus-Annual-Monthly-Pyt,1010020020,Mensuel,Annuel,"Gmail, Gemini, Meet, Drive, Chat, Agenda, Docs, Sheets, Slides, NotebookLM, AppSheet ",complete,
Google Workspace Entreprise Plus,,https://manystacks.s3.eu-west-3.amazonaws.com/Produits/Images/gws-logo.png,google,GoogleWorkspaceEnt-isvfr,GWS-Ent-Plus-Monthly,GWS-Ent-Plus-Trial-Plan,1010020020,Mensuel,Mensuel,"Gmail, Gemini, Meet, Drive, Chat, Agenda, Docs, Sheets, Slides, NotebookLM, AppSheet ",complete,34.63
Google Workspace Entreprise Plus,,https://manystacks.s3.eu-west-3.amazonaws.com/Produits/Images/gws-logo.png,google,GoogleWorkspaceEnt-isvfr,GWS-Ent-Plus-Yearly,GWS-Ent-Plus-Annual-Yearly-Pyt,1010020020,Annuel,Annuel,"Gmail, Gemini, Meet, Drive, Chat, Agenda, Docs, Sheets, Slides, NotebookLM, AppSheet ",complete,346.30
Google Workspace Entreprise Plus,,https://manystacks.s3.eu-west-3.amazonaws.com/Produits/Images/gws-logo.png,google,GoogleWorkspaceEnt-isvfr,Ent-Plus-Monthly,Ent-Plus-FlexAutorenew,1010020020,Mensuel,Mensuel,"Gmail, Gemini, Meet, Drive, Chat, Agenda, Docs, Sheets, Slides, NotebookLM, AppSheet ",complete,34.63
Google Workspace Entreprise Plus,,https://manystacks.s3.eu-west-3.amazonaws.com/Produits/Images/gws-logo.png,google,GoogleWorkspaceEnt-isvfr,Ent-Plus-Monthly,Enterprise-Plus-36Mnth,1010020020,Mensuel,36 mois,"Gmail, Gemini, Meet, Drive, Chat, Agenda, Docs, Sheets, Slides, NotebookLM, AppSheet ",complete,
Google Workspace Entreprise Plus,,https://manystacks.s3.eu-west-3.amazonaws.com/Produits/Images/gws-logo.png,google,GoogleWorkspaceEnt-isvfr,Ent-Plus-Monthly,Enterprise-Plus-Flex,1010020020,Mensuel,Mensuel,"Gmail, Gemini, Meet, Drive, Chat, Agenda, Docs, Sheets, Slides, NotebookLM, AppSheet ",complete,34.63
Google Workspace Entreprise Plus,,https://manystacks.s3.eu-west-3.amazonaws.com/Produits/Images/gws-logo.png,google,GoogleWorkspaceEnt-isvfr,Ent-Plus-Monthly,Ent-Plus-Annual-Monthly,1010020020,Mensuel,Annuel,"Gmail, Gemini, Meet, Drive, Chat, Agenda, Docs, Sheets, Slides, NotebookLM, AppSheet ",complete,
Google Workspace Entreprise Plus,,https://manystacks.s3.eu-west-3.amazonaws.com/Produits/Images/gws-logo.png,google,GoogleWorkspaceEnt-isvfr,Ent-Plus-Monthly,Ent-Plus-Annual-Monthly-n0,1010020020,Mensuel,Annuel,"Gmail, Gemini, Meet, Drive, Chat, Agenda, Docs, Sheets, Slides, NotebookLM, AppSheet ",complete,
Google Workspace Entreprise Plus,,https://manystacks.s3.eu-west-3.amazonaws.com/Produits/Images/gws-logo.png,google,GoogleWorkspaceEnt-isvfr,Ent-Plus-Monthly,Ent-Plus-Flex,1010020020,Mensuel,Mensuel,"Gmail, Gemini, Meet, Drive, Chat, Agenda, Docs, Sheets, Slides, NotebookLM, AppSheet ",complete,34.63
Google Workspace Entreprise Plus,,https://manystacks.s3.eu-west-3.amazonaws.com/Produits/Images/gws-logo.png,google,GoogleWorkspaceEnt-isvfr,Ent-Plus-Yearly,Ent-Plus-Anual-yearlyTransfer,1010020020,Annuel,Annuel,"Gmail, Gemini, Meet, Drive, Chat, Agenda, Docs, Sheets, Slides, NotebookLM, AppSheet ",complete,346.30
Google Workspace Entreprise Plus,,https://manystacks.s3.eu-west-3.amazonaws.com/Produits/Images/gws-logo.png,google,GoogleWorkspaceEnt-isvfr,GWS-Ent--Plus-Monthly---RABF,GWS-Ent-Plus---Annual-Monthly,1010020020,Mensuel,Annuel,"Gmail, Gemini, Meet, Drive, Chat, Agenda, Docs, Sheets, Slides, NotebookLM, AppSheet ",complete,
Google Workspace Entreprise Plus,,https://manystacks.s3.eu-west-3.amazonaws.com/Produits/Images/gws-logo.png,google,GoogleWorkspaceEnt-isvfr,GWS-Ent--Plus-Monthly---RABF,GWS-Ent-Plus---Annual-Monthly-n0,1010020020,Mensuel,Annuel,"Gmail, Gemini, Meet, Drive, Chat, Agenda, Docs, Sheets, Slides, NotebookLM, AppSheet ",complete,
Google Workspace Entreprise Plus,,https://manystacks.s3.eu-west-3.amazonaws.com/Produits/Images/gws-logo.png,google,GoogleWorkspaceEnt-isvfr,GWS-Ent--Plus-Monthly---RABF,GWS-Ent-Plus---36-months-fixed-t,1010020020,Mensuel,36 mois,"Gmail, Gemini, Meet, Drive, Chat, Agenda, Docs, Sheets, Slides, NotebookLM, AppSheet ",complete,
Google Workspace Entreprise Plus,,https://manystacks.s3.eu-west-3.amazonaws.com/Produits/Images/gws-logo.png,google,GoogleWorkspaceEnt-isvfr,GWS-Ent--Plus-Monthly---RABF,GWS-Ent-Plus---Flexible-Plan,1010020020,Mensuel,Mensuel,"Gmail, Gemini, Meet, Drive, Chat, Agenda, Docs, Sheets, Slides, NotebookLM, AppSheet ",complete,34.63
Google Workspace Entreprise Plus,,https://manystacks.s3.eu-west-3.amazonaws.com/Produits/Images/gws-logo.png,google,GoogleWorkspaceEnt-isvfr,GWS-Ent--Plus-Monthly---RABF,GWS-Ent-Plus---36-months-fixe-n0,1010020020,Mensuel,36 mois,"Gmail, Gemini, Meet, Drive, Chat, Agenda, Docs, Sheets, Slides, NotebookLM, AppSheet ",complete,
Google Workspace Entreprise Plus,,https://manystacks.s3.eu-west-3.amazonaws.com/Produits/Images/gws-logo.png,google,GoogleWorkspaceEnt-isvfr,GWS-Ent--Plus-Monthly---RABF,GWS-Ent-Plus---36-months-fixe-n1,1010020020,Mensuel,36 mois,"Gmail, Gemini, Meet, Drive, Chat, Agenda, Docs, Sheets, Slides, NotebookLM, AppSheet ",complete,
Google Workspace Entreprise Plus,,https://manystacks.s3.eu-west-3.amazonaws.com/Produits/Images/gws-logo.png,google,GoogleWorkspaceEnt-isvfr,GWS-Ent--Plus-Monthly---RABF,GWS-Ent-Plus---36-months-fixe-n2,1010020020,Mensuel,36 mois,"Gmail, Gemini, Meet, Drive, Chat, Agenda, Docs, Sheets, Slides, NotebookLM, AppSheet ",complete,
Google Workspace Entreprise Plus,,https://manystacks.s3.eu-west-3.amazonaws.com/Produits/Images/gws-logo.png,google,GoogleWorkspaceEnt-isvfr,GWS-Ent--Plus-Monthly---RABF,GWS-Ent-Plus-Offline,1010020020,Mensuel,Mensuel,"Gmail, Gemini, Meet, Drive, Chat, Agenda, Docs, Sheets, Slides, NotebookLM, AppSheet ",complete,34.63
Google Workspace Entreprise Plus,,https://manystacks.s3.eu-west-3.amazonaws.com/Produits/Images/gws-logo.png,google,GoogleWorkspaceEnt-isvfr,GWS-Ent--Plus-Yearly---RABF,GWS-Ent-Plus---Annual-Yearly,1010020020,Annuel,Annuel,"Gmail, Gemini, Meet, Drive, Chat, Agenda, Docs, Sheets, Slides, NotebookLM, AppSheet ",complete,346.30
Google Workspace Entreprise Plus,,https://manystacks.s3.eu-west-3.amazonaws.com/Produits/Images/gws-logo.png,google,GoogleWorkspaceEnt-isvfr,GWS-Ent--Plus-Yearly---RABF,GWS-Ent-Plus---Annual-Yearly-n0,1010020020,Annuel,Annuel,"Gmail, Gemini, Meet, Drive, Chat, Agenda, Docs, Sheets, Slides, NotebookLM, AppSheet ",complete,346.30
Google Workspace Gemini Entreprise,,https://manystacks.s3.eu-west-3.amazonaws.com/Produits/Images/gws-logo.png,google,GoogleWorkspaceEnt-isvfr,GWS-Gemini-Enterprise--Monthly-R,GWS-Gemini-Enterprise--Annual-Mo,,Mensuel,Annuel,,,
Google Workspace AppSheet,,https://manystacks.s3.eu-west-3.amazonaws.com/Produits/Images/gws-logo.png,google,GoogleWorkspace-isvfr,GWS-AppSheet-Core---Monthly,GWS-AppSheet-Core---Flex,,Mensuel,Mensuel,,,