productId,skuId,planId,billingPeriod,recurringPrice,displayProductName,displaySkuName,displayPlanName
GoogleWksVoice-fr,Google-Voice-Starter-Monthly,Flexible-Plan,MONTHLY,0,"Google Workspace Voice","Google Voice Starter (Monthly)","Flexible Plan"
GoogleWksVoice-fr,Google-Voice-Standard,Google-Voice-Standard-n0,MONTHLY,0,"Google Workspace Voice","Google Voice Standard (Monthly)","Google Voice Standard"
GoogleWksVoice-fr,Google-Voice-Standard,Google-Voice-Standard-n1,MONTHLY,0,"Google Workspace Voice","Google Voice Standard (Monthly)","Google Voice Standard"
GoogleWksVoice-fr,Google-Voice-Standard,Google-Voice-Standard-n2,MONTHLY,0,"Google Workspace Voice","Google Voice Standard (Monthly)","Google Voice Standard"
GoogleWksVoice-fr,Google-Voice-Standard,Google-Voice-Standard-n3,MONTHLY,0,"Google Workspace Voice","Google Voice Standard (Monthly)","Google Voice Standard"
GoogleWorkspaceFroline-isvfr,GWS-Frontline-Starter-Monthly,GWS-Frontline-Starter-Flex,MONTHLY,0,"NEW Google Workspace Frontline","GWS Frontline Starter (Monthly)","GWS Frontline Starter-Flexible Plan"
GoogleWorkspaceFroline-isvfr,GWS-Frontline-Starter-Monthly,GWS-Frontline-Starter-Annual-Mon,MONTHLY,0,"NEW Google Workspace Frontline","GWS Frontline Starter (Monthly)","GWS Frontline Starter-Annual (Monthly)"
GoogleWorkspaceFroline-isvfr,GWS-Frontline-Starter-Monthly,GWS-Frontline-Starter-Annual--n5,MONTHLY,0,"NEW Google Workspace Frontline","GWS Frontline Starter (Monthly)","GWS Frontline Starter-Annual (Monthly)"
GoogleWorkspaceFroline-isvfr,GWS-Frontline-Starter-Yearly,GWS-Frontline-Starter-Annual-Yea,ANNUAL,0,"NEW Google Workspace Frontline","GWS Frontline Starter (Yearly)","GWS Frontline Starter-Annual (Yearly)"
GoogleWorkspaceFroline-isvfr,Front-Starter-Monthly,Front-Starter-FlexAutorenew,MONTHLY,0,"NEW Google Workspace Frontline","Front. Starter (Monthly)","Front. Starter-Flex.(Autorenew)"
GoogleWorkspaceFroline-isvfr,Front-Starter-Monthly,Front-Starter-FlexTransfer,MONTHLY,0,"NEW Google Workspace Frontline","Front. Starter (Monthly)","Front. Starter-Flex.(Transfer)"
GoogleWorkspaceFroline-isvfr,Front-Starter-Monthly,Front-Starter-36Mnth,MONTHLY,0,"NEW Google Workspace Frontline","Front. Starter (Monthly)","Front. Starter-36Mnth"
GoogleWorkspaceFroline-isvfr,Front-Starter-Monthly,Front-Starter-36Mnth-n0,MONTHLY,0,"NEW Google Workspace Frontline","Front. Starter (Monthly)","Front. Starter-36Mnth"
GoogleWorkspaceFroline-isvfr,Front-Starter-Monthly,Front-Starter-Annual-Monthly,MONTHLY,0,"NEW Google Workspace Frontline","Front. Starter (Monthly)","Front. Starter-Annual (Monthly)"
GoogleWorkspaceFroline-isvfr,Front-Starter-Monthly,Front-Starter-Annual-Monthly-n0,MONTHLY,0,"NEW Google Workspace Frontline","Front. Starter (Monthly)","Front. Starter-Annual (Monthly)"
GoogleWorkspaceFroline-isvfr,GWS-Front-Standard-Monthly---RAB,GWS-Front-Standard---Commitment-,MONTHLY,0,"NEW Google Workspace Frontline","GWS Front. Standard (Monthly) - RABF","GWS Front. Standard - Commitment Offline Plan"
GoogleWorkspaceFroline-isvfr,GWS-Front-Standard-Monthly---RAB,GWS-Front-Standard---36-months-f,MONTHLY,0,"NEW Google Workspace Frontline","GWS Front. Standard (Monthly) - RABF","GWS Front. Standard - 36 months fixed terms (Monthly)"
GoogleWorkspaceFroline-isvfr,GWS-Front-Standard-Monthly---RAB,GWS-Frontline-Starter-36-MonthMo,MONTHLY,0,"NEW Google Workspace Frontline","GWS Front. Standard (Monthly) - RABF","GWS Frontline Starter 36 Month/Monthly"
GoogleWorkspaceFroline-isvfr,GWS-Front-Standard-Monthly---RAB,GWS-Frontline-Offline,MONTHLY,0,"NEW Google Workspace Frontline","GWS Front. Standard (Monthly) - RABF","GWS Frontline-Offline"
GoogleWorkspaceFroline-isvfr,GWS-Front-Starter-Monthly---RABF,GWS-Front-Starter---Annual-month,MONTHLY,0,"NEW Google Workspace Frontline","GWS Front. Starter (Monthly) - RABF","GWS Front. Starter - Annual (monthly)"
GoogleWorkspaceFroline-isvfr,GWS-Front-Starter-Monthly---RABF,GWS-Front-Starter---Annual-Mo-n0,MONTHLY,0,"NEW Google Workspace Frontline","GWS Front. Starter (Monthly) - RABF","GWS Front. Starter - Annual (Monthly)"
GoogleWorkspaceFroline-isvfr,GWS-Front-Starter-Monthly---RABF,GWS-Front-Starter---Flexible,MONTHLY,0,"NEW Google Workspace Frontline","GWS Front. Starter (Monthly) - RABF","GWS Front. Starter - Flexible"
GoogleWorkspaceFroline-isvfr,GWS-Front-Starter-Monthly---RABF,GWS-Front-Starter---Flexible-n0,MONTHLY,0,"NEW Google Workspace Frontline","GWS Front. Starter (Monthly) - RABF","GWS Front. Starter - Flexible"
GoogleWorkspaceFroline-isvfr,GWS-Front-Starter-Monthly---RABF,GWS-Front-Starter---Annual-mo-n1,MONTHLY,0,"NEW Google Workspace Frontline","GWS Front. Starter (Monthly) - RABF","GWS Front. Starter - Annual (monthly)"
GoogleWorkspaceFroline-isvfr,GWS-Front-Starter-Monthly---RABF,GWS-Front-Starter---Annual-mo-n2,MONTHLY,0,"NEW Google Workspace Frontline","GWS Front. Starter (Monthly) - RABF","GWS Front. Starter - Annual (monthly)"
NEWGWSEdu-isvfr,Google-Workspace-for-Education-P,Trial-Plan,MONTHLY,0,"NEW Google Workspace for Education","Google Workspace for Education Plus","Google Workspace for Education Plus"
NEWGWSEdu-isvfr,Google-Workspace-for-Education-S,Trial,MONTHLY,0,"NEW Google Workspace for Education","Google Workspace for Education Standard","Google Workspace for Education Standard"
NEWGWSEdu-isvfr,sku--Google-Workspace-for-Edu-n0,Trial-Plan-n1,MONTHLY,0,"NEW Google Workspace for Education"," GWS for Education: Teaching and Learning Upgrade (Monthly)"," GWS for Education: Teaching and Learning Upgrade (Monthly)"
NEWGWSEdu-isvfr,sku--Google-Workspace-for-Edu-n0,Flexible-Plan-n1,MONTHLY,0,"NEW Google Workspace for Education"," GWS for Education: Teaching and Learning Upgrade (Monthly)"," GWS for Education: Teaching and Learning Upgrade (Monthly)"
NEWGWSEdu-isvfr,sku--Google-Workspace-for-Edu-n0,Annual-Plan-Monthly-Payment-n1,MONTHLY,0,"NEW Google Workspace for Education"," GWS for Education: Teaching and Learning Upgrade (Monthly)"," GWS for Education: Teaching and Learning Upgrade (Monthly)"
NEWGWSEdu-isvfr,GWS-for-Education-Teaching-and-L,Annual-Plan-Yearly-Payment-n3,MONTHLY,0,"NEW Google Workspace for Education","GWS for Education: Teaching and Learning Upgrade (Yearly)","GWS for Education: Teaching and Learning Upgrade (Yearly)"
NEWGWSEdu-isvfr,GWS-for-Education-Teaching-an-n0,Trial-Plan-n2,MONTHLY,0,"NEW Google Workspace for Education","GWS for Education: Teaching and Learning Upgrade (Monthly)","GWS for Education: Teaching and Learning Upgrade (Monthly)"
NEWGWSEdu-isvfr,Google-Workspace-for-Education-F,Trial-Plan-n3,MONTHLY,0,"NEW Google Workspace for Education","Google Workspace for Education Fundamentals (Monthly)","Google Workspace for Education Fundamentals (Monthly)"
NEWGWSEdu-isvfr,Google-Workspace-for-Education-F,Google-Workspace-for-Educatio-n1,MONTHLY,0,"NEW Google Workspace for Education","Google Workspace for Education Fundamentals (Monthly)","Google Workspace for Education Fundamentals-Free"
NEWGWSEdu-isvfr,Google-Workspace-for-Educatio-n0,GWS-for-Education-Plus--Annual-P,ANNUAL,0,"NEW Google Workspace for Education","Google Workspace for Education Plus - RABF","GWS for Education Plus- Annual Plan (yearly payment)"
NEWGWSEdu-isvfr,Google-Workspace-for-Educatio-n0,GWS-for-Education-Plus--Annua-n0,ANNUAL,0,"NEW Google Workspace for Education","Google Workspace for Education Plus - RABF","GWS for Education Plus- Annual Plan (yearly payment)"
NEWGWSEdu-isvfr,Google-Workspace-for-Educatio-n0,GWS-for-Education-Plus---Annual-,ANNUAL,0,"NEW Google Workspace for Education","Google Workspace for Education Plus - RABF","GWS for Education Plus - Annual (Yearly)"
NEWGWSEdu-isvfr,GWS-for-Education-Teaching-an-n1,GWS-for-Education-Teaching-an-n2,MONTHLY,0,"NEW Google Workspace for Education","GWS for Education: Teaching and Learning Upgrade (RABF)","GWS for Education: Teaching and Learning Upgrade (Monthly)"
NEWGWSEdu-isvfr,GWS-for-Education-Teaching-an-n1,GWS-for-Education-Teaching-an-n3,ANNUAL,0,"NEW Google Workspace for Education","GWS for Education: Teaching and Learning Upgrade (RABF)","GWS for Education: Teaching and Learning Upgrade (Yearly)"
GoogleWorkspace-isvfr,GWS-Bus-Plus-Monthly,GWS-Bus-Plus-Flex,MONTHLY,0,"NEW Google Workspace Business","GWS Bus. Plus (Monthly)","GWS Bus. Plus-Flexible Plan"
GoogleWorkspace-isvfr,GWS-Bus-Plus-Monthly,GWS-Bus-Plus-Annual-Monthly-Pyt,MONTHLY,0,"NEW Google Workspace Business","GWS Bus. Plus (Monthly)","GWS Bus. Plus-Annual (Monthly)"
GoogleWorkspace-isvfr,GWS-Bus-Plus-Monthly,GWS-Bus-Plus-Trial-Plan,MONTHLY,0,"NEW Google Workspace Business","GWS Bus. Plus (Monthly)","GWS Bus. Plus-Trial Plan"
GoogleWorkspace-isvfr,GWS-Bus-Plus-Yearly,GWS-Bus-Plus-Annual-Yearly-Pyt,ANNUAL,0,"NEW Google Workspace Business","GWS Bus. Plus (Yearly)","GWS Bus. Plus-Annual (Yearly)"
GoogleWorkspace-isvfr,GWS-Bus-Starter-Monthly,GWS-Bus-Starter-Flex,MONTHLY,0,"NEW Google Workspace Business","GWS Bus. Starter (Monthly)","GWS Bus. Starter-Flexible Plan"
GoogleWorkspace-isvfr,GWS-Bus-Starter-Monthly,GWS-Bus-Starter-Annual-Monthly-P,MONTHLY,0,"NEW Google Workspace Business","GWS Bus. Starter (Monthly)","GWS Bus. Starter-Annual (Monthly)"
GoogleWorkspace-isvfr,GWS-Bus-Starter-Monthly,GWS-Bus-Starter-Trial-Plan,MONTHLY,0,"NEW Google Workspace Business","GWS Bus. Starter (Monthly)","GWS Bus. Starter-Trial Plan"
GoogleWorkspace-isvfr,GWS-Bus-Starter-Monthly,GWS-Bus-Starter-Annual-Monthl-n2,MONTHLY,0,"NEW Google Workspace Business","GWS Bus. Starter (Monthly)","GWS Bus. Starter-Annual (Monthly)"
GoogleWorkspace-isvfr,GWS-Bus-Starter-Yearly,GWS-Bus-Starter-Annual-Yearly-Py,ANNUAL,0,"NEW Google Workspace Business","GWS Bus. Starter (Yearly)","GWS Bus. Starter-Annual (Yearly)"
GoogleWorkspace-isvfr,Bus-Starter-Monthly,Bus-Starter-FlexAutorenew,MONTHLY,0,"NEW Google Workspace Business","Bus. Starter (Monthly)","Bus. Starter-Flex.(Autorenew)"
GoogleWorkspace-isvfr,Bus-Starter-Monthly,Bus-Starter-FlexTransfer,MONTHLY,0,"NEW Google Workspace Business","Bus. Starter (Monthly)","Bus. Starter-Flex.(Transfer)"
GoogleWorkspace-isvfr,Bus-Starter-Monthly,Bus-Starter-Anual-monthlyAutoren,MONTHLY,0,"NEW Google Workspace Business","Bus. Starter (Monthly)","Bus. Starter-Anual (monthly)(Autorenew)"
GoogleWorkspace-isvfr,Bus-Starter-Monthly,Bus-Starter-Anual-monthlyTransfe,MONTHLY,0,"NEW Google Workspace Business","Bus. Starter (Monthly)","Bus. Starter-Anual (monthly)(Transfer)"
GoogleWorkspace-isvfr,Bus-Starter-Monthly,Bus-Starter-Flex,MONTHLY,0,"NEW Google Workspace Business","Bus. Starter (Monthly)","Bus. Starter-Flex."
GoogleWorkspace-isvfr,Bus-Starter-Monthly,Bus-Starter-Anual-monthly,MONTHLY,0,"NEW Google Workspace Business","Bus. Starter (Monthly)","Bus. Starter-Anual (monthly)"
GoogleWorkspace-isvfr,Bus-Starter-Monthly,Bus-Starter-36Mnth,MONTHLY,0,"NEW Google Workspace Business","Bus. Starter (Monthly)","Bus. Starter-36Mnth"
GoogleWorkspace-isvfr,Bus-Starter-Monthly,Bus-Starter-Annual-Monthly,MONTHLY,0,"NEW Google Workspace Business","Bus. Starter (Monthly)","Bus. Starter-Annual (Monthly)"
GoogleWorkspace-isvfr,Bus-Starter-Monthly,Bus-Starter-36Mnth-n0,MONTHLY,0,"NEW Google Workspace Business","Bus. Starter (Monthly)","Bus. Starter-36Mnth"
GoogleWorkspace-isvfr,Bus-Starter-Monthly,Bus-Starter-24Mnth,MONTHLY,0,"NEW Google Workspace Business","Bus. Starter (Monthly)","Bus. Starter-24Mnth"
GoogleWorkspace-isvfr,Bus-Starter-Monthly,Bus-Starter-Annual-Monthly-n0,MONTHLY,0,"NEW Google Workspace Business","Bus. Starter (Monthly)","Bus. Starter-Annual (Monthly)"
GoogleWorkspace-isvfr,Bus-Starter-Monthly,Bus-Starter-Annual-Monthly-n1,MONTHLY,0,"NEW Google Workspace Business","Bus. Starter (Monthly)","Bus. Starter-Annual (Monthly)"
GoogleWorkspace-isvfr,Bus-Starter-Monthly,Bus-Starter-Annual-Monthly-n2,MONTHLY,0,"NEW Google Workspace Business","Bus. Starter (Monthly)","Bus. Starter-Annual (Monthly)"
GoogleWorkspace-isvfr,Bus-Starter-Monthly,Bus-Starter-Flex-n0,MONTHLY,0,"NEW Google Workspace Business","Bus. Starter (Monthly)","Bus. Starter-Flex"
GoogleWorkspace-isvfr,Bus-Starter-Monthly,Bus-Starter-36Mnth-n1,MONTHLY,0,"NEW Google Workspace Business","Bus. Starter (Monthly)","Bus. Starter-36Mnth"
GoogleWorkspace-isvfr,Bus-Starter-Monthly,Bus-Starter-24Mnth-n0,MONTHLY,0,"NEW Google Workspace Business","Bus. Starter (Monthly)","Bus. Starter-24Mnth"
GoogleWorkspace-isvfr,Bus-Starter-Monthly,Bus-Starter-36Mnth-n2,MONTHLY,0,"NEW Google Workspace Business","Bus. Starter (Monthly)","Bus. Starter-36Mnth"
GoogleWorkspace-isvfr,Bus-Starter-Monthly,Bus-Starter-36Mnth-n3,MONTHLY,0,"NEW Google Workspace Business","Bus. Starter (Monthly)","Bus. Starter-36Mnth"
GoogleWorkspace-isvfr,Bus-Starter-Monthly,Bus-Starter-36Mnth-n4,MONTHLY,0,"NEW Google Workspace Business","Bus. Starter (Monthly)","Bus. Starter-36Mnth"
GoogleWorkspace-isvfr,Bus-Starter-Monthly,Bus-Starter-Annual-Monthly-n3,MONTHLY,0,"NEW Google Workspace Business","Bus. Starter (Monthly)","Bus. Starter-Annual (Monthly)"
GoogleWorkspace-isvfr,Bus-Starter-Monthly,Bus-Starter-Annual-Monthly-n4,MONTHLY,0,"NEW Google Workspace Business","Bus. Starter (Monthly)","Bus. Starter-Annual (Monthly)"
GoogleWorkspace-isvfr,Bus-Starter-Monthly,Bus-Starter-36Mnth-n5,MONTHLY,0,"NEW Google Workspace Business","Bus. Starter (Monthly)","Bus. Starter-36Mnth"
GoogleWorkspace-isvfr,Bus-Starter-Monthly,Bus-Starter-Offline,MONTHLY,0,"NEW Google Workspace Business","Bus. Starter (Monthly)","Bus. Starter-Offline"
GoogleWorkspace-isvfr,Bus-Starter-Monthly,Bus-Starter-Flex-n1,MONTHLY,0,"NEW Google Workspace Business","Bus. Starter (Monthly)","Bus. Starter-Flex."
GoogleWorkspace-isvfr,Bus-Starter-Monthly,Bus-Starter-Annual-Monthly-n5,MONTHLY,0,"NEW Google Workspace Business","Bus. Starter (Monthly)","Bus. Starter-Annual (Monthly)"
GoogleWorkspace-isvfr,Bus-Starter-Monthly,Bus-Starter-Flex-n2,MONTHLY,0,"NEW Google Workspace Business","Bus. Starter (Monthly)","Bus. Starter-Flex"
GoogleWorkspace-isvfr,Bus-Starter-Yearly,Bus-Starter-Anual-yearlyAutorene,ANNUAL,0,"NEW Google Workspace Business","Bus. Starter (Yearly)","Bus. Starter-Anual (yearly)(Autorenew)"
GoogleWorkspace-isvfr,Bus-Starter-Yearly,Bus-Starter-Anual-yearlyTransfer,ANNUAL,0,"NEW Google Workspace Business","Bus. Starter (Yearly)","Bus. Starter-Anual (yearly)(Transfer)"
GoogleWorkspace-isvfr,Bus-Starter-Yearly,Bus-Starter-Annual-Yearly,ANNUAL,0,"NEW Google Workspace Business","Bus. Starter (Yearly)","Bus. Starter-Annual (Yearly)"
GoogleWorkspace-isvfr,Bus-Starter-Yearly,Bus-Starter-Annual-Yearly-n0,ANNUAL,0,"NEW Google Workspace Business","Bus. Starter (Yearly)","Bus. Starter-Annual (Yearly)"
GoogleWorkspace-isvfr,Bus-Starter-Yearly,Bus-Starter-Annual-Yearly-n1,ANNUAL,0,"NEW Google Workspace Business","Bus. Starter (Yearly)","Bus. Starter-Annual (Yearly)"
GoogleWorkspace-isvfr,Bus-Standard-Monthly,Bus-Standard-FlexAutorenew,MONTHLY,0,"NEW Google Workspace Business","Bus. Standard (Monthly)","Bus. Standard-Flex.(Autorenew)"
GoogleWorkspace-isvfr,Bus-Standard-Monthly,Bus-Standard-FlexTransfer,MONTHLY,0,"NEW Google Workspace Business","Bus. Standard (Monthly)","Bus. Standard-Flex.(Transfer)"
GoogleWorkspace-isvfr,Bus-Standard-Monthly,Bus-Standard-Anual-monthlyAutore,MONTHLY,0,"NEW Google Workspace Business","Bus. Standard (Monthly)","Bus. Standard-Anual (monthly)(Autorenew)"
GoogleWorkspace-isvfr,Bus-Standard-Monthly,Bus-Standard-Anual-monthlyTransf,MONTHLY,0,"NEW Google Workspace Business","Bus. Standard (Monthly)","Bus. Standard-Anual (monthly)(Transfer)"
GoogleWorkspace-isvfr,Bus-Standard-Monthly,Bus-Standard-Anual-monthlyAut-n0,MONTHLY,0,"NEW Google Workspace Business","Bus. Standard (Monthly)","Bus. Standard-Anual (monthly)(Autorenew)"
GoogleWorkspace-isvfr,Bus-Standard-Monthly,Bus-Standard-Anual-monthly,MONTHLY,0,"NEW Google Workspace Business","Bus. Standard (Monthly)","Bus. Standard-Anual (monthly)"
GoogleWorkspace-isvfr,Bus-Standard-Monthly,Bus-Standard-Flex,MONTHLY,0,"NEW Google Workspace Business","Bus. Standard (Monthly)","Bus. Standard-Flex."
GoogleWorkspace-isvfr,Bus-Standard-Monthly,Valid-GWSBusStdAnnual-monthly,MONTHLY,0,"NEW Google Workspace Business","Bus. Standard (Monthly)","Valid-GWSBusStdAnnual (monthly)"
GoogleWorkspace-isvfr,Bus-Standard-Monthly,Bus-Standard-Flex-n0,MONTHLY,0,"NEW Google Workspace Business","Bus. Standard (Monthly)","Bus. Standard-Flex"
GoogleWorkspace-isvfr,Bus-Standard-Monthly,Bus-Standard-36Mnth,MONTHLY,0,"NEW Google Workspace Business","Bus. Standard (Monthly)","Bus. Standard-36Mnth"
GoogleWorkspace-isvfr,Bus-Standard-Monthly,Bus-Standard-Annual-Monthly,MONTHLY,0,"NEW Google Workspace Business","Bus. Standard (Monthly)","Bus. Standard-Annual (Monthly)"
GoogleWorkspace-isvfr,Bus-Standard-Monthly,Bus-Standard-36Mnth-n0,MONTHLY,0,"NEW Google Workspace Business","Bus. Standard (Monthly)","Bus. Standard-36Mnth"
GoogleWorkspace-isvfr,Bus-Standard-Monthly,Bus-Standard-36Mnth-n1,MONTHLY,0,"NEW Google Workspace Business","Bus. Standard (Monthly)","Bus. Standard-36Mnth"
GoogleWorkspace-isvfr,Bus-Standard-Monthly,Bus-Standard-24Mnth,MONTHLY,0,"NEW Google Workspace Business","Bus. Standard (Monthly)","Bus. Standard-24Mnth"
GoogleWorkspace-isvfr,Bus-Standard-Monthly,Bus-Standard-Annual-Monthly-n0,MONTHLY,0,"NEW Google Workspace Business","Bus. Standard (Monthly)","Bus. Standard-Annual (Monthly)"
GoogleWorkspace-isvfr,Bus-Standard-Monthly,Bus-Standard-36Mnth-n2,MONTHLY,0,"NEW Google Workspace Business","Bus. Standard (Monthly)","Bus. Standard-36Mnth"
GoogleWorkspace-isvfr,Bus-Standard-Monthly,Bus-Standard-Annual-Monthly-n1,MONTHLY,0,"NEW Google Workspace Business","Bus. Standard (Monthly)","Bus. Standard-Annual (Monthly)"
GoogleWorkspace-isvfr,Bus-Standard-Monthly,Bus-Standard-Flex-n1,MONTHLY,0,"NEW Google Workspace Business","Bus. Standard (Monthly)","Bus. Standard-Flex"
GoogleWorkspace-isvfr,Bus-Standard-Monthly,Bus-Standard-Annual-Monthly-n2,MONTHLY,0,"NEW Google Workspace Business","Bus. Standard (Monthly)","Bus. Standard-Annual (Monthly)"
GoogleWorkspace-isvfr,Bus-Standard-Monthly,Bus-Standard-36Mnth-n3,MONTHLY,0,"NEW Google Workspace Business","Bus. Standard (Monthly)","Bus. Standard-36Mnth"
GoogleWorkspace-isvfr,Bus-Standard-Monthly,Bus-Standard-36Mnth-n4,MONTHLY,0,"NEW Google Workspace Business","Bus. Standard (Monthly)","Bus. Standard-36Mnth"
GoogleWorkspace-isvfr,Bus-Standard-Monthly,Bus-Standard-Annual-Monthly-n3,MONTHLY,0,"NEW Google Workspace Business","Bus. Standard (Monthly)","Bus. Standard-Annual (Monthly)"
GoogleWorkspace-isvfr,Bus-Standard-Monthly,Bus-Standard-Offline,MONTHLY,0,"NEW Google Workspace Business","Bus. Standard (Monthly)","Bus. Standard-Offline"
GoogleWorkspace-isvfr,Bus-Standard-Monthly,Bus-Standard-Annual-Monthly-n4,MONTHLY,0,"NEW Google Workspace Business","Bus. Standard (Monthly)","Bus. Standard-Annual (Monthly)"
GoogleWorkspace-isvfr,Bus-Standard-Monthly,Bus-Standard-Trial---Grace-Plan,MONTHLY,0,"NEW Google Workspace Business","Bus. Standard (Monthly)","Bus. Standard Trial - Grace Plan"
GoogleWorkspace-isvfr,Bus-Standard-Monthly,Bus-Standard-36Mnth-fixed-Monthl,MONTHLY,0,"NEW Google Workspace Business","Bus. Standard (Monthly)","Bus. Standard-36Mnth fixed (Monthly)"
GoogleWorkspace-isvfr,Bus-Standard-Yearly,Bus-Standard-Anual-yearlyAutoren,ANNUAL,0,"NEW Google Workspace Business","Bus. Standard (Yearly)","Bus. Standard-Anual (yearly)(Autorenew)"
GoogleWorkspace-isvfr,Bus-Standard-Yearly,Bus-Standard-Anual-yearlyTransfe,ANNUAL,0,"NEW Google Workspace Business","Bus. Standard (Yearly)","Bus. Standard-Anual (yearly)(Transfer)"
GoogleWorkspace-isvfr,Bus-Standard-Yearly,Valid-GWSBusStdAnnual-yearly-n0,ANNUAL,0,"NEW Google Workspace Business","Bus. Standard (Yearly)","Valid-GWSBusStdAnnual (yearly)"
GoogleWorkspace-isvfr,Bus-Standard-Yearly,Bus-Standard-Annual-Yearly,ANNUAL,0,"NEW Google Workspace Business","Bus. Standard (Yearly)","Bus. Standard-Annual (Yearly)"
GoogleWorkspace-isvfr,Bus-Plus-Monthly,Bus-Plus-FlexAutorenew,MONTHLY,0,"NEW Google Workspace Business","Bus. Plus (Monthly)","Bus. Plus-Flex.(Autorenew)"
GoogleWorkspace-isvfr,Bus-Plus-Monthly,Bus-Plus-Anual-monthlyTransfer,MONTHLY,0,"NEW Google Workspace Business","Bus. Plus (Monthly)","Bus. Plus-Anual (monthly)(Transfer)"
GoogleWorkspace-isvfr,Bus-Plus-Monthly,Bus-Plus-Anual-monthlyAutorenew,MONTHLY,0,"NEW Google Workspace Business","Bus. Plus (Monthly)","Bus. Plus-Anual (monthly)(Autorenew)"
GoogleWorkspace-isvfr,Bus-Plus-Monthly,Bus-Plus-Anual-monthlyAutoren-n0,MONTHLY,0,"NEW Google Workspace Business","Bus. Plus (Monthly)","Bus. Plus-Anual (monthly)(Autorenew)"
GoogleWorkspace-isvfr,Bus-Plus-Monthly,Bus-Plus-Flex,MONTHLY,0,"NEW Google Workspace Business","Bus. Plus (Monthly)","Bus. Plus-Flex"
GoogleWorkspace-isvfr,Bus-Plus-Monthly,Bus-Plus-36Mnth,MONTHLY,0,"NEW Google Workspace Business","Bus. Plus (Monthly)","Bus. Plus-36Mnth"
GoogleWorkspace-isvfr,Bus-Plus-Monthly,Bus-Plus-Annual-Monthly,MONTHLY,0,"NEW Google Workspace Business","Bus. Plus (Monthly)","Bus. Plus-Annual (Monthly)"
GoogleWorkspace-isvfr,Bus-Plus-Monthly,Bus-Plus-Arch-User-Annual-Monthl,MONTHLY,0,"NEW Google Workspace Business","Bus. Plus (Monthly)","Bus. Plus Arch. User-Annual (Monthly)"
GoogleWorkspace-isvfr,Google-Workspace-Business-St-n49,GWS-Business-Standard---Annua-n5,MONTHLY,0,"NEW Google Workspace Business","GWS Bus. Standard (Monthly) - RABF","GWS Business Standard - Annual Plan (Monthly Payment)"
GoogleWorkspace-isvfr,Google-Workspace-Business-St-n49,GWS-Bus-Standard---36-months-fix,MONTHLY,0,"NEW Google Workspace Business","GWS Bus. Standard (Monthly) - RABF","GWS Bus. Standard - 36 months fixed terms (Monthly)"
GoogleWorkspace-isvfr,Google-Workspace-Business-St-n49,GWS-Bus-Standard---Annual-Mon-n0,MONTHLY,0,"NEW Google Workspace Business","GWS Bus. Standard (Monthly) - RABF","GWS Bus. Standard - Annual (Monthly)"
GoogleWorkspace-isvfr,Google-Workspace-Business-St-n49,GWS-Bus-Standard---36-months--n3,MONTHLY,0,"NEW Google Workspace Business","GWS Bus. Standard (Monthly) - RABF","GWS Bus. Standard - 36 months fixed terms (Monthly)"
GoogleWorkspace-isvfr,Google-Workspace-Business-St-n49,GWS-Bus-Standard---Annual-Mon-n1,MONTHLY,0,"NEW Google Workspace Business","GWS Bus. Standard (Monthly) - RABF","GWS Bus. Standard - Annual (Monthly)"
GoogleWorkspace-isvfr,Google-Workspace-Business-St-n49,GWS-Bus-Standard---36-months--n4,MONTHLY,0,"NEW Google Workspace Business","GWS Bus. Standard (Monthly) - RABF","GWS Bus. Standard - 36 months fixed terms (Monthly)"
GoogleWorkspace-isvfr,Google-Workspace-Business-St-n49,GWS-Bus-Standard---Annual-Mon-n2,MONTHLY,0,"NEW Google Workspace Business","GWS Bus. Standard (Monthly) - RABF","GWS Bus. Standard - Annual (Monthly)"
GoogleWorkspace-isvfr,Google-Workspace-Business-St-n49,GWS-Bus-Standard---Annual-Mon-n3,MONTHLY,0,"NEW Google Workspace Business","GWS Bus. Standard (Monthly) - RABF","GWS Bus. Standard - Annual (Monthly)"
GoogleWorkspace-isvfr,Google-Workspace-Business-St-n49,GWS-Bus-Standard---Annual-Mon-n4,MONTHLY,0,"NEW Google Workspace Business","GWS Bus. Standard (Monthly) - RABF","GWS Bus. Standard - Annual (Monthly)"
GoogleWorkspace-isvfr,Google-Workspace-Business-St-n49,GWS-Bus-Standard---Flexible-P-n0,MONTHLY,0,"NEW Google Workspace Business","GWS Bus. Standard (Monthly) - RABF","GWS Bus. Standard - Flexible Plan"
GoogleWorkspace-isvfr,Google-Workspace-Business-St-n49,GWS-Bus-Standard---Flexible--Pla,MONTHLY,0,"NEW Google Workspace Business","GWS Bus. Standard (Monthly) - RABF","GWS Bus. Standard - Flexible  Plan "
GoogleWorkspace-isvfr,Google-Workspace-Business-St-n49,GWS-Bus-Standard---24-months-fix,MONTHLY,0,"NEW Google Workspace Business","GWS Bus. Standard (Monthly) - RABF","GWS Bus. Standard - 24 months fixed terms (Monthly)"
GoogleWorkspace-isvfr,Google-Workspace-Business-St-n49,GWS-Bus-Standard---Annual-Mon-n5,MONTHLY,0,"NEW Google Workspace Business","GWS Bus. Standard (Monthly) - RABF","GWS Bus. Standard - Annual (Monthly)"
GoogleWorkspace-isvfr,Google-Workspace-Business-St-n49,GWS-Bus-Standard---Annual-Mon-n6,MONTHLY,0,"NEW Google Workspace Business","GWS Bus. Standard (Monthly) - RABF","GWS Bus. Standard - Annual (Monthly)"
GoogleWorkspace-isvfr,Google-Workspace-Business-St-n49,GWS-Bus-Standard---36-months--n5,MONTHLY,0,"NEW Google Workspace Business","GWS Bus. Standard (Monthly) - RABF","GWS Bus. Standard - 36 months fixed terms (Monthly)"
GoogleWorkspace-isvfr,Google-Workspace-Business-St-n49,GWS-Bus-Standard---36-months--n6,MONTHLY,0,"NEW Google Workspace Business","GWS Bus. Standard (Monthly) - RABF","GWS Bus. Standard - 36 months fixed terms (Monthly)"
GoogleWorkspace-isvfr,Google-Workspace-Business-St-n49,GWS-Bus-Standard---36-months--n7,MONTHLY,0,"NEW Google Workspace Business","GWS Bus. Standard (Monthly) - RABF","GWS Bus. Standard - 36 months fixed terms (Monthly)"
GoogleWorkspace-isvfr,Google-Workspace-Business-St-n49,GWS-Bus-Standard---Annual-Mon-n7,MONTHLY,0,"NEW Google Workspace Business","GWS Bus. Standard (Monthly) - RABF","GWS Bus. Standard - Annual (Monthly)"
GoogleWorkspace-isvfr,Google-Workspace-Business-St-n49,GWS-Bus-Standard---Annual-Mon-n8,MONTHLY,0,"NEW Google Workspace Business","GWS Bus. Standard (Monthly) - RABF","GWS Bus. Standard - Annual (Monthly)"
GoogleWorkspace-isvfr,Google-Workspace-Business-St-n49,GWS-Bus-Standard---36-months--n8,MONTHLY,0,"NEW Google Workspace Business","GWS Bus. Standard (Monthly) - RABF","GWS Bus. Standard - 36 months fixed terms (Monthly)"
GoogleWorkspace-isvfr,Google-Workspace-Business-St-n49,GWS-Bus-Standard---24-months--n0,MONTHLY,0,"NEW Google Workspace Business","GWS Bus. Standard (Monthly) - RABF","GWS Bus. Standard - 24 months fixed terms (Monthly)"
GoogleWorkspace-isvfr,Google-Workspace-Business-St-n49,GWS-Bus-Standard---36-months--n9,MONTHLY,0,"NEW Google Workspace Business","GWS Bus. Standard (Monthly) - RABF","GWS Bus. Standard - 36 months fixed terms (Monthly)"
GoogleWorkspace-isvfr,Google-Workspace-Business-St-n49,GWS-Bus-Standard---Annual-Mon-n9,MONTHLY,0,"NEW Google Workspace Business","GWS Bus. Standard (Monthly) - RABF","GWS Bus. Standard - Annual (Monthly)"
GoogleWorkspace-isvfr,Google-Workspace-Business-St-n49,GWS-Bus-Standard---Annual-Mo-n10,MONTHLY,0,"NEW Google Workspace Business","GWS Bus. Standard (Monthly) - RABF","GWS Bus. Standard - Annual (Monthly)"
GoogleWorkspace-isvfr,Google-Workspace-Business-St-n49,GWS-Bus-Standard---Annual-Mo-n11,MONTHLY,0,"NEW Google Workspace Business","GWS Bus. Standard (Monthly) - RABF","GWS Bus. Standard - Annual (Monthly)"
GoogleWorkspace-isvfr,Google-Workspace-Business-St-n49,GWS-Bus-Standard---Annual-Mo-n12,MONTHLY,0,"NEW Google Workspace Business","GWS Bus. Standard (Monthly) - RABF","GWS Bus. Standard - Annual (Monthly)"
GoogleWorkspace-isvfr,Google-Workspace-Business-St-n49,GWS-Bus-Standard---Annual-Mo-n13,MONTHLY,0,"NEW Google Workspace Business","GWS Bus. Standard (Monthly) - RABF","GWS Bus. Standard - Annual (Monthly)"
GoogleWorkspace-isvfr,Google-Workspace-Business-St-n49,GWS-Bus-Standard---Annual-Plan-M,MONTHLY,0,"NEW Google Workspace Business","GWS Bus. Standard (Monthly) - RABF","GWS Bus. Standard - Annual Plan (Monthly Payment)"
GoogleWorkspace-isvfr,Google-Workspace-Business-St-n49,GWS-Bus-Standard-Archived-User--,MONTHLY,0,"NEW Google Workspace Business","GWS Bus. Standard (Monthly) - RABF","GWS Bus. Standard Archived User - Flexible "
GoogleWorkspace-isvfr,Google-Workspace-Business-St-n49,GWS-Bus-Standard---Flex-n1,MONTHLY,0,"NEW Google Workspace Business","GWS Bus. Standard (Monthly) - RABF","GWS Bus Standard - Flex"
GoogleWorkspace-isvfr,Google-Workspace-Business-St-n49,GWS-Bus-Standard-36-MonthMonthly,MONTHLY,0,"NEW Google Workspace Business","GWS Bus. Standard (Monthly) - RABF","GWS Bus Standard 36 Month/Monthly"
GoogleWorkspace-isvfr,Google-Workspace-Business-St-n49,GWS-Bus-Standard---Annual-Mo-n14,MONTHLY,0,"NEW Google Workspace Business","GWS Bus. Standard (Monthly) - RABF","GWS Bus. Standard - Annual (Monthly)"
GoogleWorkspace-isvfr,Google-Workspace-Business-St-n49,GWS-Bus-Standard---36-Month-Mont,MONTHLY,0,"NEW Google Workspace Business","GWS Bus. Standard (Monthly) - RABF","GWS Bus. Standard - 36 Month (Monthly)"
GoogleWorkspace-isvfr,Google-Workspace-Business-St-n49,GWS-Bus-Standard---36-months-n10,MONTHLY,0,"NEW Google Workspace Business","GWS Bus. Standard (Monthly) - RABF","GWS Bus. Standard - 36 months fixed terms (Monthly)"
GoogleWorkspace-isvfr,GWS-Bus-Plus---Monthly--RABF,GWS-Bus-Plus---Annual-Monthly,MONTHLY,0,"NEW Google Workspace Business","GWS Bus. Plus - (Monthly)- RABF","GWS Bus. Plus - Annual (Monthly)"
GoogleWorkspace-isvfr,GWS-Bus-Plus---Monthly--RABF,GWS-Bus-Plus---Annual-Monthly-n0,MONTHLY,0,"NEW Google Workspace Business","GWS Bus. Plus - (Monthly)- RABF","GWS Bus. Plus - Annual (Monthly)"
GoogleWorkspace-isvfr,GWS-Bus-Plus-Monthly---RABF,GWS-Bus-Plus-Annual---Monthly,MONTHLY,0,"NEW Google Workspace Business","GWS Bus. Plus (Monthly) - RABF","GWS Bus. Plus Annual - Monthly"
GoogleWorkspace-isvfr,GWS-Bus-Plus-Monthly---RABF,GWS-Bus-Plus-Annual---Monthly-n0,MONTHLY,0,"NEW Google Workspace Business","GWS Bus. Plus (Monthly) - RABF","GWS Bus. Plus Annual - Monthly"
GoogleWorkspace-isvfr,GWS-Bus-Plus-Monthly---RABF,GWS-Bus-Plus-Annual---Monthly-n1,MONTHLY,0,"NEW Google Workspace Business","GWS Bus. Plus (Monthly) - RABF","GWS Bus. Plus Annual - Monthly"
GoogleWorkspace-isvfr,GWS-Bus-Plus-Monthly---RABF,GWS-Bus-Plus-Annual---Monthly-n2,MONTHLY,0,"NEW Google Workspace Business","GWS Bus. Plus (Monthly) - RABF","GWS Bus. Plus Annual - Monthly"
GoogleWorkspace-isvfr,GWS-Bus-Plus-Monthly---RABF,GWS-Bus-Plus-Annual---Monthly-n3,MONTHLY,0,"NEW Google Workspace Business","GWS Bus. Plus (Monthly) - RABF","GWS Bus. Plus Annual - Monthly"
GoogleWorkspace-isvfr,GWS-Bus-Plus-Monthly---RABF,GWS-Bus-Plus---Flexible-Plan,MONTHLY,0,"NEW Google Workspace Business","GWS Bus. Plus (Monthly) - RABF","GWS Bus. Plus - Flexible Plan"
GoogleWorkspace-isvfr,GWS-Bus-Plus-Monthly---RABF,GWS-Bus-Plus-Annual---Monthly-n4,MONTHLY,0,"NEW Google Workspace Business","GWS Bus. Plus (Monthly) - RABF","GWS Bus. Plus Annual - Monthly"
GoogleWorkspace-isvfr,GWS-Bus-Plus-Yearly---RABF,GWS-Bus-Plus---Annual-Yearly,ANNUAL,0,"NEW Google Workspace Business","GWS Bus. Plus (Yearly) - RABF","GWS Bus. Plus - Annual (Yearly)"
GoogleWorkspace-isvfr,GWS-Bus-Plus-Yearly---RABF,GWS-Bus-Plus---Annual-Yearly-n0,ANNUAL,0,"NEW Google Workspace Business","GWS Bus. Plus (Yearly) - RABF","GWS Bus. Plus - Annual (Yearly)"
GoogleWorkspace-isvfr,GWS-Bus-Standard-Yearly---RABF,GWS-Bus-Standard---Annual-Yearly,ANNUAL,0,"NEW Google Workspace Business","GWS Bus. Standard (Yearly) - RABF","GWS Bus. Standard - Annual (Yearly)"
GoogleWorkspace-isvfr,GWS-Bus-Starter---Monthly--RABF,GWS-Bus-Starter---Annual-Monthly,MONTHLY,0,"NEW Google Workspace Business","GWS Bus. Starter - (Monthly)- RABF","GWS Bus. Starter - Annual (Monthly)"
GoogleWorkspace-isvfr,GWS-Bus-Starter---Monthly--RABF,GWS-Bus-Starter---Annual-Mont-n0,MONTHLY,0,"NEW Google Workspace Business","GWS Bus. Starter - (Monthly)- RABF","GWS Bus. Starter - Annual (Monthly)"
GoogleWorkspace-isvfr,GWS-Bus-Starter---Monthly--RABF,GWS-Bus-Starter---Annual-Mont-n1,MONTHLY,0,"NEW Google Workspace Business","GWS Bus. Starter - (Monthly)- RABF","GWS Bus. Starter - Annual (Monthly)"
GoogleWorkspace-isvfr,GWS-Bus-Starter---Monthly--RABF,GWS-Bus-Starter---Annual-Mont-n2,MONTHLY,0,"NEW Google Workspace Business","GWS Bus. Starter - (Monthly)- RABF","GWS Bus. Starter - Annual (Monthly)"
GoogleWorkspace-isvfr,GWS-Bus-Starter---Monthly--RABF,GWS-Bus-Starter---Annual-Mont-n3,MONTHLY,0,"NEW Google Workspace Business","GWS Bus. Starter - (Monthly)- RABF","GWS Bus. Starter - Annual (Monthly)"
GoogleWorkspace-isvfr,GWS-Bus-Starter---Monthly--RABF,GWS-Bus-Starter---Annual-Mont-n4,MONTHLY,0,"NEW Google Workspace Business","GWS Bus. Starter - (Monthly)- RABF","GWS Bus. Starter - Annual (Monthly)"
GoogleWorkspace-isvfr,GWS-Bus-Starter---Monthly--RABF,GWS-Bus-Starter---36Mnth-Monthly,MONTHLY,0,"NEW Google Workspace Business","GWS Bus. Starter - (Monthly)- RABF","GWS Bus. Starter - 36Mnth (Monthly)"
GoogleWorkspace-isvfr,GWS-Bus-Starter-Monthly---RABF,GWS-Bus-Starter---Flexible-Plan,MONTHLY,0,"NEW Google Workspace Business","GWS Bus. Starter (Monthly) - RABF","GWS Bus. Starter - Flexible Plan"
GoogleWorkspace-isvfr,GWS-Bus-Starter-Monthly---RABF,GWS-Bus-Starter---Annual-Mont-n5,MONTHLY,0,"NEW Google Workspace Business","GWS Bus. Starter (Monthly) - RABF","GWS Bus. Starter - Annual (Monthly)"
GoogleWorkspace-isvfr,GWS-Bus-Starter-Monthly---RABF,GWS-Bus-Starter---Flexible-Pl-n0,MONTHLY,0,"NEW Google Workspace Business","GWS Bus. Starter (Monthly) - RABF","GWS Bus. Starter - Flexible Plan"
GoogleWorkspace-isvfr,GWS-Bus-Starter-Monthly---RABF,GWS-Bus-Starter---Flexible-Pl-n1,MONTHLY,0,"NEW Google Workspace Business","GWS Bus. Starter (Monthly) - RABF","GWS Bus. Starter - Flexible Plan"
GoogleWorkspace-isvfr,GWS-Bus-Starter-Monthly---RABF,GWS-Bus-Starter---36-months-fixe,MONTHLY,0,"NEW Google Workspace Business","GWS Bus. Starter (Monthly) - RABF","GWS Bus. Starter - 36 months fixed terms (Monthly)"
GoogleWorkspace-isvfr,GWS-Bus-Starter-Monthly---RABF,GWS-Bus-Starter---Annual-Mont-n6,MONTHLY,0,"NEW Google Workspace Business","GWS Bus. Starter (Monthly) - RABF","GWS Bus. Starter - Annual (Monthly)"
GoogleWorkspace-isvfr,GWS-Bus-Starter-Monthly---RABF,GWS-Bus-Starter---Annual-Mont-n7,MONTHLY,0,"NEW Google Workspace Business","GWS Bus. Starter (Monthly) - RABF","GWS Bus. Starter - Annual (Monthly)"
GoogleWorkspace-isvfr,GWS-Bus-Starter-Monthly---RABF,GWS-Bus-Starter---Annual-Mont-n8,MONTHLY,0,"NEW Google Workspace Business","GWS Bus. Starter (Monthly) - RABF","GWS Bus. Starter - Annual (Monthly)"
GoogleWorkspace-isvfr,GWS-Bus-Starter-Yearly---RABF,GWS-Bus-Starter-Annual---Yearly,ANNUAL,0,"NEW Google Workspace Business","GWS Bus. Starter (Yearly) - RABF","GWS Bus. Starter Annual - Yearly"
GoogleWorkspace-isvfr,GWS-Bus-Starter-Yearly---RABF,GWS-Bus-Starter---Annual-Yearly,ANNUAL,0,"NEW Google Workspace Business","GWS Bus. Starter (Yearly) - RABF","GWS Bus. Starter - Annual (Yearly)"
GoogleWorkspace-isvfr,GWS-Bus-Starter-Yearly---RABF,GWS-Bus-Starter---Annual-Year-n0,ANNUAL,0,"NEW Google Workspace Business","GWS Bus. Starter (Yearly) - RABF","GWS Bus. Starter - Annual (Yearly)"
GoogleWorkspace-isvfr,GWS-Bus-Starter-Yearly---RABF,GWS-Bus-Starter---Annual-Year-n1,ANNUAL,0,"NEW Google Workspace Business","GWS Bus. Starter (Yearly) - RABF","GWS Bus. Starter - Annual (Yearly)"
GoogleWorkspace-isvfr,GWS-Bus-Standard-Monthly-n0,GWS-Bus-Standard-Trial-Plan,MONTHLY,0,"NEW Google Workspace Business","GWS Bus. Standard (Monthly)","GWS Bus. Standard-Trial Plan"
GoogleWorkspace-isvfr,GWS-Bus-Standard-Monthly-n0,GWS-Bus-Standard-Flexible-Plan,MONTHLY,0,"NEW Google Workspace Business","GWS Bus. Standard (Monthly)","GWS Bus. Standard-Flexible Plan"
GoogleWorkspace-isvfr,GWS-Bus-Standard-Monthly-n0,GWS-Bus-Standard-Annual-Month-n2,MONTHLY,0,"NEW Google Workspace Business","GWS Bus. Standard (Monthly)","GWS Bus. Standard-Annual (Monthly)"
GoogleWorkspace-isvfr,GWS-Bus-Standard-Yearly,GWS-Bus-Standard-Annual-Yearl-n1,ANNUAL,0,"NEW Google Workspace Business","GWS Bus. Standard (Yearly)","GWS Bus. Standard-Annual (Yearly)"
GoogleWorkspaceEnt-isvfr,GWS-Ent-Starter-Monthly,GWS-Ent-Starter-Flex,MONTHLY,0,"NEW Google Workspace Enterprise","GWS Ent. Starter (Monthly)","GWS Ent. Starter-Flexible Plan"
GoogleWorkspaceEnt-isvfr,GWS-Ent-Starter-Monthly,GWS-Ent-Starter-Annual-Monthly-P,MONTHLY,0,"NEW Google Workspace Enterprise","GWS Ent. Starter (Monthly)","GWS Ent. Starter-Annual (Monthly)"
GoogleWorkspaceEnt-isvfr,GWS-Ent-Starter-Yearly,GWS-Ent-Starter-Annual-Yearly-Py,ANNUAL,0,"NEW Google Workspace Enterprise","GWS Ent. Starter (Yearly)","GWS Ent. Starter-Annual (Yearly)"
GoogleWorkspaceEnt-isvfr,GWS-Ent-Standard-Monthly,GWS-Ent-Standard-Flex,MONTHLY,0,"NEW Google Workspace Enterprise","GWS Ent. Standard (Monthly)","GWS Ent. Standard-Flexible Plan"
GoogleWorkspaceEnt-isvfr,GWS-Ent-Standard-Monthly,GWS-Ent-Standard-Annual-Monthly-,MONTHLY,0,"NEW Google Workspace Enterprise","GWS Ent. Standard (Monthly)","GWS Ent. Standard-Annual (Monthly)"
GoogleWorkspaceEnt-isvfr,GWS-Ent-Standard-Monthly,GWS-Ent-Standard-Trial-Plan,MONTHLY,0,"NEW Google Workspace Enterprise","GWS Ent. Standard (Monthly)","GWS Ent. Standard-Trial Plan"
GoogleWorkspaceEnt-isvfr,GWS-Ent-Standard-Yearly,GWS-Ent-Standard-Annual-Yearly-P,ANNUAL,0,"NEW Google Workspace Enterprise","GWS Ent. Standard (Yearly)","GWS Ent. Standard-Annual (Yearly)"
GoogleWorkspaceEnt-isvfr,GWS-Ent-Plus-Monthly,GWS-Ent-Plus-Flex,MONTHLY,0,"NEW Google Workspace Enterprise","GWS Ent. Plus (Monthly)","GWS Ent. Plus-Flexible Plan"
GoogleWorkspaceEnt-isvfr,GWS-Ent-Plus-Monthly,GWS-Ent-Plus-Annual-Monthly-Pyt,MONTHLY,0,"NEW Google Workspace Enterprise","GWS Ent. Plus (Monthly)","GWS Ent. Plus-Annual (Monthly)"
GoogleWorkspaceEnt-isvfr,GWS-Ent-Plus-Monthly,GWS-Ent-Plus-Trial-Plan,MONTHLY,0,"NEW Google Workspace Enterprise","GWS Ent. Plus (Monthly)","GWS Ent. Plus-Trial Plan"
GoogleWorkspaceEnt-isvfr,GWS-Ent-Plus-Yearly,GWS-Ent-Plus-Annual-Yearly-Pyt,ANNUAL,0,"NEW Google Workspace Enterprise","GWS Ent. Plus (Yearly)","GWS Ent. Plus-Annual (Yearly Pyt.)"
GoogleWorkspaceEnt-isvfr,GWS-Ent-Essentials-Monthly,GWS-Ent-Essentials-Annual-Monthl,MONTHLY,0,"NEW Google Workspace Enterprise","GWS Ent. Essentials (Monthly)","GWS Ent. Essentials-Annual (Monthly)"
GoogleWorkspaceEnt-isvfr,GWS-Ent-Essentials-Monthly,GWS-Ent-Essentials-Trial-Plan,MONTHLY,0,"NEW Google Workspace Enterprise","GWS Ent. Essentials (Monthly)","GWS Ent. Essentials-Trial Plan"
GoogleWorkspaceEnt-isvfr,GWS-Ent-Essentials-Monthly,GWS-Ent-Essentials-Flexible-Plan,MONTHLY,0,"NEW Google Workspace Enterprise","GWS Ent. Essentials (Monthly)","GWS Ent. Essentials-Flexible Plan"
GoogleWorkspaceEnt-isvfr,Ent-Standard-Monthly,Ent-Standard-FlexAutorenew,MONTHLY,0,"NEW Google Workspace Enterprise","Ent. Standard (Monthly)","Ent. Standard-Flex.(Autorenew)"
GoogleWorkspaceEnt-isvfr,Ent-Standard-Monthly,Ent-Standard-FlexTransfer,MONTHLY,0,"NEW Google Workspace Enterprise","Ent. Standard (Monthly)","Ent. Standard-Flex.(Transfer)"
GoogleWorkspaceEnt-isvfr,Ent-Standard-Monthly,Ent-Standard-36Mnth,MONTHLY,0,"NEW Google Workspace Enterprise","Ent. Standard (Monthly)","Ent. Standard-36Mnth"
GoogleWorkspaceEnt-isvfr,Ent-Standard-Monthly,Ent-Standard-36Mnth-n0,MONTHLY,0,"NEW Google Workspace Enterprise","Ent. Standard (Monthly)","Ent. Standard-36Mnth"
GoogleWorkspaceEnt-isvfr,Ent-Standard-Monthly,Ent-Standard-36Mnth-n1,MONTHLY,0,"NEW Google Workspace Enterprise","Ent. Standard (Monthly)","Ent. Standard-36Mnth"
GoogleWorkspaceEnt-isvfr,Ent-Standard-Monthly,Ent-Standard-36Mnth-n2,MONTHLY,0,"NEW Google Workspace Enterprise","Ent. Standard (Monthly)","Ent. Standard-36Mnth"
GoogleWorkspaceEnt-isvfr,Ent-Standard-Monthly,Ent-Standard-36Mnth-n3,MONTHLY,0,"NEW Google Workspace Enterprise","Ent. Standard (Monthly)","Ent. Standard-36Mnth"
GoogleWorkspaceEnt-isvfr,Ent-Standard-Monthly,Ent-Standard-36Mnth-n4,MONTHLY,0,"NEW Google Workspace Enterprise","Ent. Standard (Monthly)","Ent. Standard-36Mnth"
GoogleWorkspaceEnt-isvfr,Ent-Standard-Monthly,Ent-Standard-Flex,MONTHLY,0,"NEW Google Workspace Enterprise","Ent. Standard (Monthly)","Ent. Standard-Flex"
GoogleWorkspaceEnt-isvfr,Ent-Standard-Monthly,Ent-Standard-36Mnth-n5,MONTHLY,0,"NEW Google Workspace Enterprise","Ent. Standard (Monthly)","Ent. Standard-36Mnth"
GoogleWorkspaceEnt-isvfr,Ent-Standard-Monthly,Ent-Standard-36Mnth-n6,MONTHLY,0,"NEW Google Workspace Enterprise","Ent. Standard (Monthly)","Ent. Standard-36Mnth"
GoogleWorkspaceEnt-isvfr,Ent-Standard-Monthly,Ent-Standard-Flex-n0,MONTHLY,0,"NEW Google Workspace Enterprise","Ent. Standard (Monthly)","Ent. Standard-Flex"
GoogleWorkspaceEnt-isvfr,Ent-Standard-Monthly,Ent-Standard-36Mnth-n7,MONTHLY,0,"NEW Google Workspace Enterprise","Ent. Standard (Monthly)","Ent. Standard-36Mnth"
GoogleWorkspaceEnt-isvfr,Ent-Standard-Monthly,Ent-Standard-Annual-Monthly,MONTHLY,0,"NEW Google Workspace Enterprise","Ent. Standard (Monthly)","Ent. Standard-Annual (Monthly)"
GoogleWorkspaceEnt-isvfr,Ent-Standard-Monthly,Ent-Standard-Offline,MONTHLY,0,"NEW Google Workspace Enterprise","Ent. Standard (Monthly)","Ent. Standard-Offline"
GoogleWorkspaceEnt-isvfr,Ent-Standard-Monthly,Ent-Standard-Flex-n1,MONTHLY,0,"NEW Google Workspace Enterprise","Ent. Standard (Monthly)","Ent. Standard-Flex"
GoogleWorkspaceEnt-isvfr,Ent-Standard-Yearly,Ent-Standard-Anual-yearlyAutoren,ANNUAL,0,"NEW Google Workspace Enterprise","Ent. Standard (Yearly)","Ent. Standard-Anual (yearly)(Autorenew)"
GoogleWorkspaceEnt-isvfr,Ent-Standard-Yearly,GWS-Ent-Standard---Annual-Yearly,ANNUAL,0,"NEW Google Workspace Enterprise","Ent. Standard (Yearly)","GWS Ent. Standard - Annual (Yearly)"
GoogleWorkspaceEnt-isvfr,Ent-Plus-Monthly,Ent-Plus-FlexAutorenew,MONTHLY,0,"NEW Google Workspace Enterprise","Ent. Plus (Monthly)","Ent. Plus-Flex.(Autorenew)"
GoogleWorkspaceEnt-isvfr,Ent-Plus-Monthly,Enterprise-Plus-36Mnth,MONTHLY,0,"NEW Google Workspace Enterprise","Ent. Plus (Monthly)","Enterprise Plus-36Mnth"
GoogleWorkspaceEnt-isvfr,Ent-Plus-Monthly,Enterprise-Plus-Flex,MONTHLY,0,"NEW Google Workspace Enterprise","Ent. Plus (Monthly)","Enterprise Plus-Flex"
GoogleWorkspaceEnt-isvfr,Ent-Plus-Monthly,Ent-Plus-Annual-Monthly,MONTHLY,0,"NEW Google Workspace Enterprise","Ent. Plus (Monthly)","Ent. Plus-Annual (Monthly)"
GoogleWorkspaceEnt-isvfr,Ent-Plus-Monthly,Ent-Plus-Annual-Monthly-n0,MONTHLY,0,"NEW Google Workspace Enterprise","Ent. Plus (Monthly)","Ent. Plus-Annual (Monthly)"
GoogleWorkspaceEnt-isvfr,Ent-Plus-Monthly,Ent-Plus-Flex,MONTHLY,0,"NEW Google Workspace Enterprise","Ent. Plus (Monthly)","Ent. Plus-Flex"
GoogleWorkspaceEnt-isvfr,Ent-Plus-Yearly,Ent-Plus-Anual-yearlyTransfer,ANNUAL,0,"NEW Google Workspace Enterprise","Ent. Plus (Yearly)","Ent. Plus-Anual (yearly)(Transfer)"
GoogleWorkspaceEnt-isvfr,GWS-Ent--Plus-Monthly---RABF,GWS-Ent-Plus---Annual-Monthly,MONTHLY,0,"NEW Google Workspace Enterprise","GWS Ent.  Plus (Monthly) - RABF","GWS Ent. Plus - Annual (Monthly)"
GoogleWorkspaceEnt-isvfr,GWS-Ent--Plus-Monthly---RABF,GWS-Ent-Plus---Annual-Monthly-n0,MONTHLY,0,"NEW Google Workspace Enterprise","GWS Ent.  Plus (Monthly) - RABF","GWS Ent. Plus - Annual (Monthly)"
GoogleWorkspaceEnt-isvfr,GWS-Ent--Plus-Monthly---RABF,GWS-Ent-Plus---36-months-fixed-t,MONTHLY,0,"NEW Google Workspace Enterprise","GWS Ent.  Plus (Monthly) - RABF","GWS Ent. Plus - 36 months fixed terms (Monthly)"
GoogleWorkspaceEnt-isvfr,GWS-Ent--Plus-Monthly---RABF,GWS-Ent-Plus---Flexible-Plan,MONTHLY,0,"NEW Google Workspace Enterprise","GWS Ent.  Plus (Monthly) - RABF","GWS Ent. Plus - Flexible Plan"
GoogleWorkspaceEnt-isvfr,GWS-Ent--Plus-Monthly---RABF,GWS-Ent-Plus---36-months-fixe-n0,MONTHLY,0,"NEW Google Workspace Enterprise","GWS Ent.  Plus (Monthly) - RABF","GWS Ent. Plus - 36 months fixed terms (Monthly)"
GoogleWorkspaceEnt-isvfr,GWS-Ent--Plus-Monthly---RABF,GWS-Ent-Plus---36-months-fixe-n1,MONTHLY,0,"NEW Google Workspace Enterprise","GWS Ent.  Plus (Monthly) - RABF","GWS Ent. Plus - 36 months fixed terms (Monthly)"
GoogleWorkspaceEnt-isvfr,GWS-Ent--Plus-Monthly---RABF,GWS-Ent-Plus---36-months-fixe-n2,MONTHLY,0,"NEW Google Workspace Enterprise","GWS Ent.  Plus (Monthly) - RABF","GWS Ent. Plus - 36 months fixed terms (Monthly)"
GoogleWorkspaceEnt-isvfr,GWS-Ent--Plus-Monthly---RABF,GWS-Ent-Plus-Offline,MONTHLY,0,"NEW Google Workspace Enterprise","GWS Ent.  Plus (Monthly) - RABF","GWS Ent. Plus-Offline"
GoogleWorkspaceEnt-isvfr,GWS-Ent--Plus-Yearly---RABF,GWS-Ent-Plus---Annual-Yearly,ANNUAL,0,"NEW Google Workspace Enterprise","GWS Ent.  Plus (Yearly) - RABF","GWS Ent. Plus - Annual (Yearly)"
GoogleWorkspaceEnt-isvfr,GWS-Ent--Plus-Yearly---RABF,GWS-Ent-Plus---Annual-Yearly-n0,ANNUAL,0,"NEW Google Workspace Enterprise","GWS Ent.  Plus (Yearly) - RABF","GWS Ent. Plus - Annual (Yearly)"
GoogleWorkspaceEnt-isvfr,GWS-Ent-Essentials-Monthly---RAB,GWS-Ent-Essentials-Annual-Mon-n0,MONTHLY,0,"NEW Google Workspace Enterprise","GWS Ent. Essentials (Monthly) - RABF","GWS Ent. Essentials Annual (Monthly)"
GoogleWorkspaceEnt-isvfr,GWS-Ent-Standard-Monthly---RABF,GWS-Ent-Standard---Annual-Monthl,MONTHLY,0,"NEW Google Workspace Enterprise","GWS Ent. Standard (Monthly) - RABF","GWS Ent. Standard - Annual (Monthly)"
GoogleWorkspaceEnt-isvfr,GWS-Ent-Standard-Monthly---RABF,GWS-Ent-Standard---Annual-Mon-n0,MONTHLY,0,"NEW Google Workspace Enterprise","GWS Ent. Standard (Monthly) - RABF","GWS Ent. Standard - Annual (Monthly)"
GoogleWorkspaceEnt-isvfr,GWS-Ent-Standard-Monthly---RABF,GWS-Ent-Standard---24-months-fix,MONTHLY,0,"NEW Google Workspace Enterprise","GWS Ent. Standard (Monthly) - RABF","GWS Ent. Standard - 24 months fixed terms (Monthly)"
GoogleWorkspaceEnt-isvfr,GWS-Ent-Standard-Monthly---RABF,GWS-Ent-Standard---Flexible-Plan,MONTHLY,0,"NEW Google Workspace Enterprise","GWS Ent. Standard (Monthly) - RABF","GWS Ent. Standard - Flexible Plan"
GoogleWorkspaceEnt-isvfr,GWS-Ent-Standard-Monthly---RABF,GWS-Ent-Standard---36-months-fix,MONTHLY,0,"NEW Google Workspace Enterprise","GWS Ent. Standard (Monthly) - RABF","GWS Ent. Standard - 36 months fixed terms (Monthly)"
GoogleWorkspaceEnt-isvfr,GWS-Ent-Standard-Monthly---RABF,GWS-Ent-Standard---36-months--n0,MONTHLY,0,"NEW Google Workspace Enterprise","GWS Ent. Standard (Monthly) - RABF","GWS Ent. Standard - 36 months fixed terms (Monthly)"
GoogleWorkspaceEnt-isvfr,GWS-Ent-Standard-Monthly---RABF,GWS-Ent-Standard---Annual-Mon-n1,MONTHLY,0,"NEW Google Workspace Enterprise","GWS Ent. Standard (Monthly) - RABF","GWS Ent. Standard - Annual (Monthly)"
GoogleWorkspaceEnt-isvfr,GWS-Ent-Standard-Monthly---RABF,GWS-Ent-Standard---Annual-Mon-n2,MONTHLY,0,"NEW Google Workspace Enterprise","GWS Ent. Standard (Monthly) - RABF","GWS Ent. Standard - Annual (Monthly)"
GoogleWorkspaceEnt-isvfr,GWS-Ent-Standard-Monthly---RABF,GWS-Ent-Standard---Annual-Mon-n3,MONTHLY,0,"NEW Google Workspace Enterprise","GWS Ent. Standard (Monthly) - RABF","GWS Ent. Standard - Annual (Monthly)"
GoogleWorkspaceEnt-isvfr,GWS-Ent-Standard-Monthly---RABF,GWS-Ent-Standard-36-MonthMonthly,MONTHLY,0,"NEW Google Workspace Enterprise","GWS Ent. Standard (Monthly) - RABF","GWS Ent Standard 36 Month/Monthly"
GoogleWorkspaceEnt-isvfr,GWS-Ent-Standard-Monthly---RABF,GWS-Enterprise-Standard---36--n5,MONTHLY,0,"NEW Google Workspace Enterprise","GWS Ent. Standard (Monthly) - RABF","GWS Enterprise Standard - 36 months fixed terms (Monthly)"
GoogleWorkspaceEnt-isvfr,GWS-Ent-Essentials-Plus-Monthly,GWS-Ent-Essentials-Plus-Flexible,MONTHLY,0,"NEW Google Workspace Enterprise","GWS Ent. Essentials Plus (Monthly)","GWS Ent. Essentials Plus-Flexible Plan"
GoogleWorkspaceEnt-isvfr,GWS-Ent-Essentials-Plus-Monthly,GWS-Ent-Essentials-Plus-Annua-n0,MONTHLY,0,"NEW Google Workspace Enterprise","GWS Ent. Essentials Plus (Monthly)","GWS Ent. Essentials Plus-Annual (Monthly)"
GoogleWorkspaceEnt-isvfr,GWS-Ent-Essentials-Plus-Yearly,GWS-Ent-Essentials-Plus-Annua-n1,ANNUAL,0,"NEW Google Workspace Enterprise","GWS Ent. Essentials Plus (Yearly)","GWS Ent. Essentials Plus-Annual (Yearly)"
GoogleWorkspaceEnt-isvfr,Google-Workspace-Enterprise--n32,Google-Workspace-Enterprise--n33,MONTHLY,0,"NEW Google Workspace Enterprise","Google Workspace Enterprise Starter - Offline","Google Workspace Enterprise Starter -Offline"
GoogleWorkspaceEnt-isvfr,GWS-Gemini-Enterprise--Monthly-R,GWS-Gemini-Enterprise--Annual-Mo,MONTHLY,0,"NEW Google Workspace Enterprise","GWS Gemini Enterprise  (Monthly) RABF","GWS Gemini Enterprise- Annual (Monthly) "
GoogleWorkspaceEnt-isvfr,GWS-Ent-Starter-Monthly-RABF,GWS-Ent-Starter---36Mnth-Monthly,MONTHLY,0,"NEW Google Workspace Enterprise","GWS Ent. Starter (Monthly) RABF","GWS Ent. Starter - 36Mnth (Monthly)"
